id_didok;id_fli;id_sloid;name_official;name_long;name_short;name_alternative;lang;stations_metastation;wgs84_e;wgs84_n;wgs84_h;wgs84_epsg;local_e;local_n;local_h;local_epsg;station_priority;km_info;stations_metastation_hrdf;source_file;timestamp;metastation_id
8502495;;ch:1:sloid:2495;Zürich Wollishofen, Bahnhof;;;;;8502495,8503009,8503681,8591080,8591081;8.533322;47.348125;0;EPSG:4326;2682716;1244718;0;EPSG:2056;;;;OeV_Sammlung_CH_HRDF_5_40_41_2024_20240110_201500;2024-06-04T20:26:09.802862;1
8503009;;ch:1:sloid:3009;Zürich Wollishofen;;ZWOL;;;8502495,8503009,8503681,8591080,8591081;8.533601;47.347440;0;EPSG:4326;2682738;1244642;0;EPSG:2056;;;;OeV_Sammlung_CH_HRDF_5_40_41_2024_20240110_201500;2024-06-04T20:26:09.804392;1
8591080;;ch:1:sloid:91080;Zürich Wollishofen, Bhf/Werft;Zürich Wollishofen, Bahnhof/Werft;;;;8502495,8503009,8503681,8591080,8591081;8.534345;47.347586;0;EPSG:4326;2682794;1244659;0;EPSG:2056;;;;OeV_Sammlung_CH_HRDF_5_40_41_2024_20240110_201500;2024-06-04T20:26:09.902994;1
8591081;;ch:1:sloid:91081;Zürich Wollishofen,Bhf/Staubst;Zürich Wollishofen, Bahnhof/Staubstrasse;;;;8502495,8503009,8503681,8591080,8591081;8.532918;47.347033;0;EPSG:4326;2682687;1244596;0;EPSG:2056;;;;OeV_Sammlung_CH_HRDF_5_40_41_2024_20240110_201500;2024-06-04T20:26:09.902998;1
8503681;;ch:1:sloid:3681;Zürich Wollishofen (See);;;;;8502495,8503009,8503681,8591080,8591081;8.536657;47.345468;0;EPSG:4326;2682972;1244426;0;EPSG:2056;;;;OeV_Sammlung_CH_HRDF_5_40_41_2024_20240110_201500;2024-06-04T20:26:09.806579;1
8502572;;ch:1:sloid:2572;Zürich, Goldbrunnenplatz;;;;;;8.513918;47.370293;0;EPSG:4326;2681216;1247162;0;EPSG:2056;;;;OeV_Sammlung_CH_HRDF_5_40_41_2024_20240110_201500;2024-06-04T20:26:09.803142;2
8503000;;ch:1:sloid:3000;Zürich HB;;ZUE;Curych hl. n.;;8503000,8503088,8587348,8587349,8591067,8591368,8596126;8.540212;47.378177;0;EPSG:4326;2683190;1248066;0;EPSG:2056;;;;OeV_Sammlung_CH_HRDF_5_40_41_2024_20240110_201500;2024-06-04T20:26:09.804359;3
8503088;;ch:1:sloid:3088;Zürich HB SZU;;ZUSZ;;;8503000,8503088,8587348,8587349,8591067,8591368,8596126;8.539358;47.377393;0;EPSG:4326;2683126;1247978;0;EPSG:2056;;;;OeV_Sammlung_CH_HRDF_5_40_41_2024_20240110_201500;2024-06-04T20:26:09.804594;3
8587348;;ch:1:sloid:87348;Zürich, Bahnhofplatz/HB;;;;;8503000,8503088,8587348,8587349,8591067,8591368,8596126;8.539338;47.377241;0;EPSG:4326;2683125;1247961;0;EPSG:2056;;;;OeV_Sammlung_CH_HRDF_5_40_41_2024_20240110_201500;2024-06-04T20:26:09.887972;3
8587349;;ch:1:sloid:87349;Zürich, Bahnhofquai/HB;;;;;8503000,8503088,8587348,8587349,8591067,8591368,8596126;8.541742;47.377560;0;EPSG:4326;2683306;1247999;0;EPSG:2056;;;;OeV_Sammlung_CH_HRDF_5_40_41_2024_20240110_201500;2024-06-04T20:26:09.887977;3
8591067;;ch:1:sloid:91067;Zürich, Bahnhofstrasse/HB;;;;;8503000,8503088,8587348,8587349,8591067,8591368,8596126;8.539461;47.376222;0;EPSG:4326;2683136;1247848;0;EPSG:2056;;;;OeV_Sammlung_CH_HRDF_5_40_41_2024_20240110_201500;2024-06-04T20:26:09.902939;3
8503001;;ch:1:sloid:3001;Zürich Altstetten;;ZAS;West Link;;8503001,8591056,8591057;8.488963;47.391483;0;EPSG:4326;2679300;1249492;0;EPSG:2056;;;;OeV_Sammlung_CH_HRDF_5_40_41_2024_20240110_201500;2024-06-04T20:26:09.804364;4
8591056;;ch:1:sloid:91056;Zürich Altstetten, Bahnhof;;;;;8503001,8591056,8591057;8.488376;47.391109;0;EPSG:4326;2679256;1249450;0;EPSG:2056;;;;OeV_Sammlung_CH_HRDF_5_40_41_2024_20240110_201500;2024-06-04T20:26:09.902885;4
8591057;;ch:1:sloid:91057;Zürich Altstetten, Bahnhof N;;;;;8503001,8591056,8591057;8.489905;47.392066;0;EPSG:4326;2679370;1249558;0;EPSG:2056;;;;OeV_Sammlung_CH_HRDF_5_40_41_2024_20240110_201500;2024-06-04T20:26:09.902892;4
8503003;;ch:1:sloid:3003;Zürich Stadelhofen;;ZSTH;Stadelhofen;;8503003,8503059,8505333,8576193,8576195;8.548489;47.366610;0;EPSG:4326;2683833;1246789;0;EPSG:2056;;;;OeV_Sammlung_CH_HRDF_5_40_41_2024_20240110_201500;2024-06-04T20:26:09.804370;5
8503059;;ch:1:sloid:3059;Zürich Stadelhofen, Bahnhof;;ZSTF;;;8503003,8503059,8505333,8576193,8576195;8.548130;47.366350;0;EPSG:4326;2683806;1246760;0;EPSG:2056;;;;OeV_Sammlung_CH_HRDF_5_40_41_2024_20240110_201500;2024-06-04T20:26:09.804484;5
8503004;;ch:1:sloid:3004;Zürich Tiefenbrunnen;;ZTB;;;8503004,8505332,8576182;8.561390;47.350125;0;EPSG:4326;2684833;1244970;0;EPSG:2056;;;;OeV_Sammlung_CH_HRDF_5_40_41_2024_20240110_201500;2024-06-04T20:26:09.804374;6
8505332;;ch:1:sloid:5332;Zürich Tiefenbrunnen (See);;;;;8503004,8505332,8576182;8.560585;47.349862;0;EPSG:4326;2684773;1244940;0;EPSG:2056;;;;OeV_Sammlung_CH_HRDF_5_40_41_2024_20240110_201500;2024-06-04T20:26:09.811819;6
8576182;;ch:1:sloid:76182;Zürich Tiefenbrunnen, Bahnhof;;;;;8503004,8505332,8576182;8.560994;47.350416;0;EPSG:4326;2684803;1245002;0;EPSG:2056;;;;OeV_Sammlung_CH_HRDF_5_40_41_2024_20240110_201500;2024-06-04T20:26:09.858810;6
8503006;;ch:1:sloid:3006;Zürich Oerlikon;;ZOER;;;8503006,8580449,8591062,8591063;8.544140;47.411530;0;EPSG:4326;2683434;1251778;0;EPSG:2056;;;;OeV_Sammlung_CH_HRDF_5_40_41_2024_20240110_201500;2024-06-04T20:26:09.804379;7
8580449;;ch:1:sloid:80449;Zürich Oerlikon, Bahnhof;;;;;8503006,8580449,8591062,8591063;8.544790;47.411496;0;EPSG:4326;2683483;1251775;0;EPSG:2056;;;;OeV_Sammlung_CH_HRDF_5_40_41_2024_20240110_201500;2024-06-04T20:26:09.875159;7
8591062;;ch:1:sloid:91062;Zürich Oerlikon, Bahnhof Nord;;;;;8503006,8580449,8591062,8591063;8.543934;47.412404;0;EPSG:4326;2683417;1251875;0;EPSG:2056;;;;OeV_Sammlung_CH_HRDF_5_40_41_2024_20240110_201500;2024-06-04T20:26:09.902915;7
8591382;;ch:1:sloid:91382;Zürich, Sternen Oerlikon;;;;;;8.546231;47.410070;0;EPSG:4326;2683594;1251618;0;EPSG:2056;;;;OeV_Sammlung_CH_HRDF_5_40_41_2024_20240110_201500;2024-06-04T20:26:09.904313;7
8591063;;ch:1:sloid:91063;Zürich Oerlikon, Bahnhof Ost;;;;;8503006,8580449,8591062,8591063;8.545848;47.413339;0;EPSG:4326;2683560;1251981;0;EPSG:2056;;;;OeV_Sammlung_CH_HRDF_5_40_41_2024_20240110_201500;2024-06-04T20:26:09.902919;7
8503007;;ch:1:sloid:3007;Zürich Seebach;;ZSEB;;;8503007,8591127,8591354,8591355;8.544660;47.418750;0;EPSG:4326;2683462;1252581;0;EPSG:2056;;;;OeV_Sammlung_CH_HRDF_5_40_41_2024_20240110_201500;2024-06-04T20:26:09.804383;8
8503008;;ch:1:sloid:3008;Zürich Affoltern;;ZAF;;;8503008,8576262,8591054;8.508583;47.420909;0;EPSG:4326;2680737;1252784;0;EPSG:2056;;;;OeV_Sammlung_CH_HRDF_5_40_41_2024_20240110_201500;2024-06-04T20:26:09.804388;9
8591054;;ch:1:sloid:91054;Zürich Affoltern, Bahnhof;;;;;8503008,8576262,8591054;8.507418;47.421184;0;EPSG:4326;2680648;1252813;0;EPSG:2056;;;;OeV_Sammlung_CH_HRDF_5_40_41_2024_20240110_201500;2024-06-04T20:26:09.902880;9
8503010;;ch:1:sloid:3010;Zürich Enge;;ZEN;Enge;;8503010,8591058,8591059;8.530821;47.364099;0;EPSG:4326;2682502;1246491;0;EPSG:2056;;;;OeV_Sammlung_CH_HRDF_5_40_41_2024_20240110_201500;2024-06-04T20:26:09.804397;10
8591058;;ch:1:sloid:91058;Zürich Enge, Bahnhof;;;;;8503010,8591058,8591059;8.531574;47.364128;0;EPSG:4326;2682559;1246495;0;EPSG:2056;;;;OeV_Sammlung_CH_HRDF_5_40_41_2024_20240110_201500;2024-06-04T20:26:09.902896;10
8591059;;ch:1:sloid:91059;Zürich Enge, Bahnhof/Bederstr.;;;;;8503010,8591058,8591059;8.530457;47.364552;0;EPSG:4326;2682474;1246541;0;EPSG:2056;;;;OeV_Sammlung_CH_HRDF_5_40_41_2024_20240110_201500;2024-06-04T20:26:09.902901;10
8503011;;ch:1:sloid:3011;Zürich Wiedikon;;ZWIE;;;8503011,8573710,8591218;8.523485;47.371477;0;EPSG:4326;2681937;1247304;0;EPSG:2056;;;;OeV_Sammlung_CH_HRDF_5_40_41_2024_20240110_201500;2024-06-04T20:26:09.804401;11
8573710;;ch:1:sloid:73710;Zürich Wiedikon, Bahnhof;;;;;8503011,8573710,8591218;8.524189;47.371429;0;EPSG:4326;2681990;1247299;0;EPSG:2056;;;;OeV_Sammlung_CH_HRDF_5_40_41_2024_20240110_201500;2024-06-04T20:26:09.848277;11
8503015;;ch:1:sloid:3015;Zürich Wipkingen;;ZWIP;;;8503015,8591066;8.529382;47.393039;0;EPSG:4326;2682349;1249707;0;EPSG:2056;;;;OeV_Sammlung_CH_HRDF_5_40_41_2024_20240110_201500;2024-06-04T20:26:09.804406;12
8591066;;ch:1:sloid:91066;Zürich Wipkingen, Bahnhof;;;;;8503015,8591066;8.529526;47.393444;0;EPSG:4326;2682359;1249752;0;EPSG:2056;;;;OeV_Sammlung_CH_HRDF_5_40_41_2024_20240110_201500;2024-06-04T20:26:09.902933;12
8503016;;ch:1:sloid:3016;Zürich Flughafen;;ZFH;Aéroport Zurich;;8503016,8573205;8.562402;47.450386;0;EPSG:4326;2684750;1256117;0;EPSG:2056;;;;OeV_Sammlung_CH_HRDF_5_40_41_2024_20240110_201500;2024-06-04T20:26:09.804410;13
8573205;;ch:1:sloid:73205;Zürich Flughafen, Bahnhof;;;;;8503016,8573205;8.563747;47.450161;0;EPSG:4326;2684852;1256094;0;EPSG:2056;;;;OeV_Sammlung_CH_HRDF_5_40_41_2024_20240110_201500;2024-06-04T20:26:09.846309;13
8503020;;ch:1:sloid:3020;Zürich Hardbrücke;;ZHDB;;;8503020,8591060,8594239;8.517126;47.385198;0;EPSG:4326;2681436;1248822;0;EPSG:2056;;;;OeV_Sammlung_CH_HRDF_5_40_41_2024_20240110_201500;2024-06-04T20:26:09.804416;14
8591060;;ch:1:sloid:91060;Zürich Hardbrücke, Bahnhof;;;;;8503020,8591060,8594239;8.517105;47.385203;0;EPSG:4326;2681434;1248823;0;EPSG:2056;;;;OeV_Sammlung_CH_HRDF_5_40_41_2024_20240110_201500;2024-06-04T20:26:09.902905;14
8503051;;ch:1:sloid:3051;Zürich Binz;;ZBZ;;;8503051,8591824;8.518297;47.362763;0;EPSG:4326;2681558;1246329;0;EPSG:2056;;;;OeV_Sammlung_CH_HRDF_5_40_41_2024_20240110_201500;2024-06-04T20:26:09.804445;15
8591824;;ch:1:sloid:91824;Zürich, Binz;;;;;8503051,8591824;8.518324;47.362966;0;EPSG:4326;2681560;1246352;0;EPSG:2056;;;;OeV_Sammlung_CH_HRDF_5_40_41_2024_20240110_201500;2024-06-04T20:26:09.906289;15
8503052;;ch:1:sloid:3052;Zürich Friesenberg;;FRIB;;;8503052,8591149;8.507507;47.364799;0;EPSG:4326;2680740;1246545;0;EPSG:2056;;;;OeV_Sammlung_CH_HRDF_5_40_41_2024_20240110_201500;2024-06-04T20:26:09.804455;16
8591149;;ch:1:sloid:91149;Zürich, Friesenberg;;;;;8503052,8591149;8.507998;47.364285;0;EPSG:4326;2680778;1246488;0;EPSG:2056;;;;OeV_Sammlung_CH_HRDF_5_40_41_2024_20240110_201500;2024-06-04T20:26:09.903275;16
8503053;;ch:1:sloid:3053;Zürich Schweighof;;SHF;;;8503053,8591351;8.503532;47.364942;0;EPSG:4326;2680440;1246556;0;EPSG:2056;;;;OeV_Sammlung_CH_HRDF_5_40_41_2024_20240110_201500;2024-06-04T20:26:09.804460;17
8591351;;ch:1:sloid:91351;Zürich, Schweighof;;;;;8503053,8591351;8.502699;47.364775;0;EPSG:4326;2680377;1246537;0;EPSG:2056;;;;OeV_Sammlung_CH_HRDF_5_40_41_2024_20240110_201500;2024-06-04T20:26:09.904173;17
8503054;;ch:1:sloid:3054;Zürich Triemli;;TRLI;;;8503054,8503610,8591401;8.495380;47.364990;0;EPSG:4326;2679824;1246553;0;EPSG:2056;;;;OeV_Sammlung_CH_HRDF_5_40_41_2024_20240110_201500;2024-06-04T20:26:09.804465;18
8591401;;ch:1:sloid:91401;Zürich, Triemlispital;;;;;8503054,8503610,8591401;8.496896;47.365969;0;EPSG:4326;2679937;1246664;0;EPSG:2056;;;;OeV_Sammlung_CH_HRDF_5_40_41_2024_20240110_201500;2024-06-04T20:26:09.904396;18
8503610;;ch:1:sloid:3610;Zürich, Triemli;;;;;8503054,8503610,8591401;8.495378;47.368152;0;EPSG:4326;2679819;1246905;0;EPSG:2056;;;;OeV_Sammlung_CH_HRDF_5_40_41_2024_20240110_201500;2024-06-04T20:26:09.806327;18
8503083;;ch:1:sloid:3083;Zürich, Römerhof;;;;;;8.560281;47.368089;0;EPSG:4326;2684721;1246966;0;EPSG:2056;;;;OeV_Sammlung_CH_HRDF_5_40_41_2024_20240110_201500;2024-06-04T20:26:09.804570;19
8503084;;ch:1:sloid:3084;Zürich, Dolder;;;;;;8.574530;47.373203;0;EPSG:4326;2685789;1247550;0;EPSG:2056;;;;OeV_Sammlung_CH_HRDF_5_40_41_2024_20240110_201500;2024-06-04T20:26:09.804574;20
8503086;;ch:1:sloid:3086;Zürich Brunau;;ZBRU;;;8503086,8591098;8.526235;47.351642;0;EPSG:4326;2682175;1245101;0;EPSG:2056;;;;OeV_Sammlung_CH_HRDF_5_40_41_2024_20240110_201500;2024-06-04T20:26:09.804584;21
8503087;;ch:1:sloid:3087;Zürich Saalsporthalle;;ZSAA;;;8503087,8591329,8591365,8591366;8.521969;47.357795;0;EPSG:4326;2681843;1245781;0;EPSG:2056;;;;OeV_Sammlung_CH_HRDF_5_40_41_2024_20240110_201500;2024-06-04T20:26:09.804588;22
8591329;;ch:1:sloid:91329;Zürich, Saalsporthalle;;;;;8503087,8503091,8591269,8591329,8591365,8591366;8.520405;47.357864;0;EPSG:4326;2681725;1245787;0;EPSG:2056;;;;OeV_Sammlung_CH_HRDF_5_40_41_2024_20240110_201500;2024-06-04T20:26:09.904071;22
8591365;;ch:1:sloid:91365;Zürich, Sihlcity;;;;;8503087,8503091,8591269,8591329,8591365,8591366;8.522261;47.357973;0;EPSG:4326;2681865;1245801;0;EPSG:2056;;;;OeV_Sammlung_CH_HRDF_5_40_41_2024_20240110_201500;2024-06-04T20:26:09.904231;22
8591366;;ch:1:sloid:91366;Zürich, Sihlcity Nord;;;;;8503091,8591269,8591366;8.523031;47.360061;0;EPSG:4326;2681920;1246034;0;EPSG:2056;;;;OeV_Sammlung_CH_HRDF_5_40_41_2024_20240110_201500;2024-06-04T20:26:09.904235;22
8503090;;ch:1:sloid:3090;Zürich Selnau;;ZSEL;;;8503090,8591064,8591369,8591381;8.531725;47.372238;0;EPSG:4326;2682558;1247397;0;EPSG:2056;;;;OeV_Sammlung_CH_HRDF_5_40_41_2024_20240110_201500;2024-06-04T20:26:09.804602;23
8503091;;ch:1:sloid:3091;Zürich Giesshübel;;ZGH;;;8503091,8591269,8591366;8.522016;47.362611;0;EPSG:4326;2681840;1246316;0;EPSG:2056;;;;OeV_Sammlung_CH_HRDF_5_40_41_2024_20240110_201500;2024-06-04T20:26:09.804607;24
8503093;;ch:1:sloid:3093;Zürich Manegg;;ZMA;;;8503093,8591268;8.519751;47.338009;0;EPSG:4326;2681706;1243579;0;EPSG:2056;;;;OeV_Sammlung_CH_HRDF_5_40_41_2024_20240110_201500;2024-06-04T20:26:09.804611;25
8591268;;ch:1:sloid:91268;Zürich, Manegg;;;;;8503093,8591268;8.520352;47.336969;0;EPSG:4326;2681753;1243464;0;EPSG:2056;;;;OeV_Sammlung_CH_HRDF_5_40_41_2024_20240110_201500;2024-06-04T20:26:09.903810;25
8503094;;ch:1:sloid:3094;Zürich Leimbach;;ZLE;;;8503094,8591061;8.518564;47.333044;0;EPSG:4326;2681624;1243026;0;EPSG:2056;;;;OeV_Sammlung_CH_HRDF_5_40_41_2024_20240110_201500;2024-06-04T20:26:09.804615;26
8591061;;ch:1:sloid:91061;Zürich Leimbach, Bahnhof;;;;;8503094,8591061;8.518596;47.333252;0;EPSG:4326;2681626;1243049;0;EPSG:2056;;;;OeV_Sammlung_CH_HRDF_5_40_41_2024_20240110_201500;2024-06-04T20:26:09.902910;26
8503446;;ch:1:sloid:3446;Zürich Landesmuseum (See);;;;;;8.541574;47.379045;0;EPSG:4326;2683291;1248164;0;EPSG:2056;;;;OeV_Sammlung_CH_HRDF_5_40_41_2024_20240110_201500;2024-06-04T20:26:09.805895;27
8503447;;ch:1:sloid:3447;Zürich Storchen;;;;;;8.541964;47.371027;0;EPSG:4326;2683333;1247273;0;EPSG:2056;;;;OeV_Sammlung_CH_HRDF_5_40_41_2024_20240110_201500;2024-06-04T20:26:09.805900;28
8503499;;ch:1:sloid:3499;Zürich Central (Polybahn);;;;;8503499,8588078;8.544038;47.376539;0;EPSG:4326;2683481;1247888;0;EPSG:2056;;;;OeV_Sammlung_CH_HRDF_5_40_41_2024_20240110_201500;2024-06-04T20:26:09.805987;29
8588078;;ch:1:sloid:88078;Zürich, Central;;;;;8503499,8588078;8.543938;47.376846;0;EPSG:4326;2683473;1247922;0;EPSG:2056;;;;OeV_Sammlung_CH_HRDF_5_40_41_2024_20240110_201500;2024-06-04T20:26:09.890530;29
8503500;;ch:1:sloid:3500;Zürich Polyterrasse;;;;;8503500,8591123;8.546402;47.376858;0;EPSG:4326;2683659;1247926;0;EPSG:2056;;;;OeV_Sammlung_CH_HRDF_5_40_41_2024_20240110_201500;2024-06-04T20:26:09.805991;30
8503651;;ch:1:sloid:3651;Zürich Bürkliplatz (See);;;;;8503651,8591105;8.541004;47.365665;0;EPSG:4326;2683269;1246676;0;EPSG:2056;;;;OeV_Sammlung_CH_HRDF_5_40_41_2024_20240110_201500;2024-06-04T20:26:09.806465;31
8591105;;ch:1:sloid:91105;Zürich, Bürkliplatz;;;;;8503651,8591105;8.540784;47.366539;0;EPSG:4326;2683251;1246773;0;EPSG:2056;;;;OeV_Sammlung_CH_HRDF_5_40_41_2024_20240110_201500;2024-06-04T20:26:09.903094;31
8503653;;ch:1:sloid:3653;Zürichhorn (See);;;;;8503653,8576199,8591109;8.553125;47.352624;0;EPSG:4326;2684205;1245239;0;EPSG:2056;;;;OeV_Sammlung_CH_HRDF_5_40_41_2024_20240110_201500;2024-06-04T20:26:09.806470;32
8505333;;ch:1:sloid:5333;Zürich Bellevue (See);;;;;8503003,8503059,8505333,8576193,8576195;8.544854;47.365440;0;EPSG:4326;2683560;1246655;0;EPSG:2056;;;;OeV_Sammlung_CH_HRDF_5_40_41_2024_20240110_201500;2024-06-04T20:26:09.811824;33
8576193;;ch:1:sloid:76193;Zürich, Bellevue;;;;;8503003,8503059,8505333,8576193,8576195;8.545113;47.367093;0;EPSG:4326;2683577;1246839;0;EPSG:2056;;;;OeV_Sammlung_CH_HRDF_5_40_41_2024_20240110_201500;2024-06-04T20:26:09.858850;33
8506517;;ch:1:sloid:6517;Zürich, Hertersteg;;;;;;8.522988;47.367681;0;EPSG:4326;2681905;1246881;0;EPSG:2056;;;;OeV_Sammlung_CH_HRDF_5_40_41_2024_20240110_201500;2024-06-04T20:26:09.815609;34
8509648;;ch:1:sloid:9648;Zürich, Obere Hornhalde;;;;;;8.536457;47.331073;0;EPSG:4326;2682979;1242825;0;EPSG:2056;;;;OeV_Sammlung_CH_HRDF_5_40_41_2024_20240110_201500;2024-06-04T20:26:09.824384;35
8509649;;ch:1:sloid:9649;Zürich, Leutschenpark;;;;;;8.555088;47.416552;0;EPSG:4326;2684252;1252348;0;EPSG:2056;;;;OeV_Sammlung_CH_HRDF_5_40_41_2024_20240110_201500;2024-06-04T20:26:09.824390;36
8510010;;ch:1:sloid:10010;Zürich, Klinik Hirslanden;;;;;;8.576620;47.351775;0;EPSG:4326;2685982;1245170;0;EPSG:2056;;;;OeV_Sammlung_CH_HRDF_5_40_41_2024_20240110_201500;2024-06-04T20:26:09.825555;37
8510011;;ch:1:sloid:10011;Zürich, Kinderspital (ab 2024);;;;;;8.572308;47.352518;0;EPSG:4326;2685655;1245248;0;EPSG:2056;;;;OeV_Sammlung_CH_HRDF_5_40_41_2024_20240110_201500;2024-06-04T20:26:09.825559;38
8510553;;ch:1:sloid:10553;Zürich, Balgrist Ost;;;;;;8.575003;47.354794;0;EPSG:4326;2685854;1245504;0;EPSG:2056;;;;OeV_Sammlung_CH_HRDF_5_40_41_2024_20240110_201500;2024-06-04T20:26:09.827025;39
8530811;;ch:1:sloid:30811;Zürich, Balgrist;;ZUEB;;;;8.575020;47.354578;0;EPSG:4326;2685856;1245480;0;EPSG:2056;;;;OeV_Sammlung_CH_HRDF_5_40_41_2024_20240110_201500;2024-06-04T20:26:09.832205;39
8511223;;ch:1:sloid:11223;Zürich, Arnikahof;;;;;;8.530977;47.415604;0;EPSG:4326;2682434;1252217;0;EPSG:2056;;;;OeV_Sammlung_CH_HRDF_5_40_41_2024_20240110_201500;2024-06-04T20:26:09.829118;40
8530472;;ch:1:sloid:30472;Zürich Seilbahn Rigiblick;;;;;8530472,8591362;8.548920;47.385883;0;EPSG:4326;2683835;1248932;0;EPSG:2056;;;;OeV_Sammlung_CH_HRDF_5_40_41_2024_20240110_201500;2024-06-04T20:26:09.831065;41
8591362;;ch:1:sloid:91362;Zürich, Seilbahn Rigiblick;;;;;8530472,8591362;8.548365;47.385916;0;EPSG:4326;2683793;1248935;0;EPSG:2056;;;;OeV_Sammlung_CH_HRDF_5_40_41_2024_20240110_201500;2024-06-04T20:26:09.904218;41
8530473;;ch:1:sloid:30473;Zürich, Rigiblick;;;;;;8.553414;47.387333;0;EPSG:4326;2684172;1249098;0;EPSG:2056;;;;OeV_Sammlung_CH_HRDF_5_40_41_2024_20240110_201500;2024-06-04T20:26:09.831147;42
8530812;;ch:1:sloid:30812;Zürich, Hegibachplatz;;ZUEH;;;;8.560623;47.361690;0;EPSG:4326;2684757;1246255;0;EPSG:2056;;;;OeV_Sammlung_CH_HRDF_5_40_41_2024_20240110_201500;2024-06-04T20:26:09.832210;43
8530813;;ch:1:sloid:30813;Zürich, Kreuzplatz;;ZUEK;;;;8.554083;47.364875;0;EPSG:4326;2684258;1246602;0;EPSG:2056;;;;OeV_Sammlung_CH_HRDF_5_40_41_2024_20240110_201500;2024-06-04T20:26:09.832214;44
8530822;;ch:1:sloid:30822;Zürich Limmatquai;;;;;;8.542641;47.373017;0;EPSG:4326;2683381;1247495;0;EPSG:2056;;;;OeV_Sammlung_CH_HRDF_5_40_41_2024_20240110_201500;2024-06-04T20:26:09.832259;45
8573213;;ch:1:sloid:73213;Zürich Flughafen, Werft;;;;;;8.570688;47.444779;0;EPSG:4326;2685384;1255503;0;EPSG:2056;;;;OeV_Sammlung_CH_HRDF_5_40_41_2024_20240110_201500;2024-06-04T20:26:09.846326;46
8573711;;ch:1:sloid:73711;Zürich, Sädlenweg;;;;;;8.487478;47.367755;0;EPSG:4326;2679223;1246853;0;EPSG:2056;;;;OeV_Sammlung_CH_HRDF_5_40_41_2024_20240110_201500;2024-06-04T20:26:09.848283;47
8576194;;ch:1:sloid:76194;Zürich, Elektrowatt;;;;;;8.550417;47.357389;0;EPSG:4326;2683993;1245766;0;EPSG:2056;;;;OeV_Sammlung_CH_HRDF_5_40_41_2024_20240110_201500;2024-06-04T20:26:09.858855;48
8576195;;ch:1:sloid:76195;Zürich, Opernhaus;;;;;8503003,8503059,8505333,8576193,8576195;8.547647;47.365414;0;EPSG:4326;2683771;1246655;0;EPSG:2056;;;;OeV_Sammlung_CH_HRDF_5_40_41_2024_20240110_201500;2024-06-04T20:26:09.858859;49
8576196;;ch:1:sloid:76196;Zürich, Kreuzstrasse;;;;;;8.549797;47.363188;0;EPSG:4326;2683937;1246410;0;EPSG:2056;;;;OeV_Sammlung_CH_HRDF_5_40_41_2024_20240110_201500;2024-06-04T20:26:09.858864;50
8576197;;ch:1:sloid:76197;Zürich, Feldeggstrasse;;;;;;8.552059;47.360514;0;EPSG:4326;2684112;1246115;0;EPSG:2056;;;;OeV_Sammlung_CH_HRDF_5_40_41_2024_20240110_201500;2024-06-04T20:26:09.858868;51
8576198;;ch:1:sloid:76198;Zürich, Höschgasse;;;;;;8.554204;47.357992;0;EPSG:4326;2684278;1245837;0;EPSG:2056;;;;OeV_Sammlung_CH_HRDF_5_40_41_2024_20240110_201500;2024-06-04T20:26:09.858873;52
8576199;;ch:1:sloid:76199;Zürich, Fröhlichstrasse;;;;;;8.556898;47.355169;0;EPSG:4326;2684486;1245526;0;EPSG:2056;;;;OeV_Sammlung_CH_HRDF_5_40_41_2024_20240110_201500;2024-06-04T20:26:09.858878;53
8576200;;ch:1:sloid:76200;Zürich, Wildbachstrasse;;;;;;8.558867;47.353187;0;EPSG:4326;2684638;1245308;0;EPSG:2056;;;;OeV_Sammlung_CH_HRDF_5_40_41_2024_20240110_201500;2024-06-04T20:26:09.858883;53
8576240;;ch:1:sloid:76240;Zürich, Meierhofplatz;;;;;;8.499375;47.402009;0;EPSG:4326;2680070;1250673;0;EPSG:2056;;;;OeV_Sammlung_CH_HRDF_5_40_41_2024_20240110_201500;2024-06-04T20:26:09.859085;54
8591446;;ch:1:sloid:91446;Zürich, Zwielplatz;;;;;;8.496808;47.402186;0;EPSG:4326;2679876;1250690;0;EPSG:2056;;;;OeV_Sammlung_CH_HRDF_5_40_41_2024_20240110_201500;2024-06-04T20:26:09.904609;54
8576241;;ch:1:sloid:76241;Zürich, Heizenholz;;;;;;8.483904;47.412296;0;EPSG:4326;2678887;1251801;0;EPSG:2056;;;;OeV_Sammlung_CH_HRDF_5_40_41_2024_20240110_201500;2024-06-04T20:26:09.859090;55
8576242;;ch:1:sloid:76242;Zürich, Grünwald;;;;;;8.483169;47.417385;0;EPSG:4326;2678824;1252366;0;EPSG:2056;;;;OeV_Sammlung_CH_HRDF_5_40_41_2024_20240110_201500;2024-06-04T20:26:09.859094;56
8576262;;ch:1:sloid:76262;Zürich, Zehntenhausplatz;;;;;8503008,8576262,8591054;8.506464;47.419223;0;EPSG:4326;2680579;1252594;0;EPSG:2056;;;;OeV_Sammlung_CH_HRDF_5_40_41_2024_20240110_201500;2024-06-04T20:26:09.859179;57
8576263;;ch:1:sloid:76263;Zürich, Hungerbergstrasse;;;;;;8.501530;47.421093;0;EPSG:4326;2680204;1252797;0;EPSG:2056;;;;OeV_Sammlung_CH_HRDF_5_40_41_2024_20240110_201500;2024-06-04T20:26:09.859184;58
8580301;;ch:1:sloid:80301;Zürich Flughafen, OPC;;;;;;8.565657;47.452653;0;EPSG:4326;2684992;1256373;0;EPSG:2056;;;;OeV_Sammlung_CH_HRDF_5_40_41_2024_20240110_201500;2024-06-04T20:26:09.874610;59
8580522;;ch:1:sloid:80522;Zürich, Escher-Wyss-Platz;;;;;;8.522398;47.390795;0;EPSG:4326;2681825;1249450;0;EPSG:2056;;;;OeV_Sammlung_CH_HRDF_5_40_41_2024_20240110_201500;2024-06-04T20:26:09.875400;60
8580912;;ch:1:sloid:80912;Zürich, Schaufelbergerstrasse;;;;;;8.501841;47.368903;0;EPSG:4326;2680306;1246995;0;EPSG:2056;;;;OeV_Sammlung_CH_HRDF_5_40_41_2024_20240110_201500;2024-06-04T20:26:09.876605;61
8587347;;ch:1:sloid:87347;Zürich, Rote Fabrik;;;;;;8.536019;47.342731;0;EPSG:4326;2682928;1244121;0;EPSG:2056;;;;OeV_Sammlung_CH_HRDF_5_40_41_2024_20240110_201500;2024-06-04T20:26:09.887967;62
8587652;;ch:1:sloid:87652;Zürich, Altried;;;;;;8.591002;47.405629;0;EPSG:4326;2686980;1251173;0;EPSG:2056;;;;OeV_Sammlung_CH_HRDF_5_40_41_2024_20240110_201500;2024-06-04T20:26:09.888941;63
8588553;;ch:1:sloid:88553;Zürich Flughafen, Fracht;;;;;;8.571733;47.452161;0;EPSG:4326;2685451;1256325;0;EPSG:2056;;;;OeV_Sammlung_CH_HRDF_5_40_41_2024_20240110_201500;2024-06-04T20:26:09.892336;64
8590318;;ch:1:sloid:90318;Zürich, Farbhof;;;;;;8.479171;47.391129;0;EPSG:4326;2678561;1249443;0;EPSG:2056;;;;OeV_Sammlung_CH_HRDF_5_40_41_2024_20240110_201500;2024-06-04T20:26:09.899706;65
8591031;;ch:1:sloid:91031;Zürich Flughafen, REGA;;;;;;8.572915;47.458447;0;EPSG:4326;2685530;1257025;0;EPSG:2056;;;;OeV_Sammlung_CH_HRDF_5_40_41_2024_20240110_201500;2024-06-04T20:26:09.902785;66
8591033;;ch:1:sloid:91033;Zürich, Aargauerstrasse;;;;;;8.502490;47.392175;0;EPSG:4326;2680320;1249583;0;EPSG:2056;;;;OeV_Sammlung_CH_HRDF_5_40_41_2024_20240110_201500;2024-06-04T20:26:09.902789;67
8591034;;ch:1:sloid:91034;Zürich, Albisgütli;;;;;;8.507712;47.351992;0;EPSG:4326;2680775;1245121;0;EPSG:2056;;;;OeV_Sammlung_CH_HRDF_5_40_41_2024_20240110_201500;2024-06-04T20:26:09.902794;68
8591035;;ch:1:sloid:91035;Zürich, Albisrank;;;;;8591035,8591363;8.494669;47.379817;0;EPSG:4326;2679748;1248201;0;EPSG:2056;;;;OeV_Sammlung_CH_HRDF_5_40_41_2024_20240110_201500;2024-06-04T20:26:09.902799;69
8591036;;ch:1:sloid:91036;Zürich, Albisrieden;;;;;;8.484789;47.374383;0;EPSG:4326;2679010;1247587;0;EPSG:2056;;;;OeV_Sammlung_CH_HRDF_5_40_41_2024_20240110_201500;2024-06-04T20:26:09.902803;70
8591037;;ch:1:sloid:91037;Zürich, Albisriederdörfli;;;;;;8.485218;47.375315;0;EPSG:4326;2679041;1247691;0;EPSG:2056;;;;OeV_Sammlung_CH_HRDF_5_40_41_2024_20240110_201500;2024-06-04T20:26:09.902808;70
8591038;;ch:1:sloid:91038;Zürich, Albisriederplatz;;;;;;8.510396;47.378214;0;EPSG:4326;2680938;1248039;0;EPSG:2056;;;;OeV_Sammlung_CH_HRDF_5_40_41_2024_20240110_201500;2024-06-04T20:26:09.902812;71
8591039;;ch:1:sloid:91039;Zürich, Alte Trotte;;;;;;8.507659;47.397596;0;EPSG:4326;2680702;1250191;0;EPSG:2056;;;;OeV_Sammlung_CH_HRDF_5_40_41_2024_20240110_201500;2024-06-04T20:26:09.902816;72
8591040;;ch:1:sloid:91040;Zürich, Altenhofstrasse;;;;;;8.561415;47.355305;0;EPSG:4326;2684827;1245546;0;EPSG:2056;;;;OeV_Sammlung_CH_HRDF_5_40_41_2024_20240110_201500;2024-06-04T20:26:09.902820;73
8591041;;ch:1:sloid:91041;Zürich, Althoos;;;;;;8.524062;47.410703;0;EPSG:4326;2681920;1251665;0;EPSG:2056;;;;OeV_Sammlung_CH_HRDF_5_40_41_2024_20240110_201500;2024-06-04T20:26:09.902824;74
8591043;;ch:1:sloid:91043;Zürich, Am Börtli;;;;;;8.507144;47.399626;0;EPSG:4326;2680660;1250416;0;EPSG:2056;;;;OeV_Sammlung_CH_HRDF_5_40_41_2024_20240110_201500;2024-06-04T20:26:09.902829;75
8591044;;ch:1:sloid:91044;Zürich, Am Suteracher;;;;;;8.469788;47.390942;0;EPSG:4326;2677853;1249413;0;EPSG:2056;;;;OeV_Sammlung_CH_HRDF_5_40_41_2024_20240110_201500;2024-06-04T20:26:09.902834;76
8591045;;ch:1:sloid:91045;Zürich, Appenzellerstrasse;;;;;;8.509528;47.398911;0;EPSG:4326;2680841;1250339;0;EPSG:2056;;;;OeV_Sammlung_CH_HRDF_5_40_41_2024_20240110_201500;2024-06-04T20:26:09.902839;77
8591046;;ch:1:sloid:91046;Zürich, Aspholz;;;;;;8.501025;47.424984;0;EPSG:4326;2680160;1253229;0;EPSG:2056;;;;OeV_Sammlung_CH_HRDF_5_40_41_2024_20240110_201500;2024-06-04T20:26:09.902844;78
8591047;;ch:1:sloid:91047;Zürich, Aubrücke;;;;;;8.572127;47.410880;0;EPSG:4326;2685547;1251736;0;EPSG:2056;;;;OeV_Sammlung_CH_HRDF_5_40_41_2024_20240110_201500;2024-06-04T20:26:09.902849;79
8591048;;ch:1:sloid:91048;Zürich, Ausserdorfstrasse;;;;;;8.548559;47.424512;0;EPSG:4326;2683747;1253226;0;EPSG:2056;;;;OeV_Sammlung_CH_HRDF_5_40_41_2024_20240110_201500;2024-06-04T20:26:09.902853;80
8591049;;ch:1:sloid:91049;Zürich, Auzelg;;;;;;8.568839;47.417091;0;EPSG:4326;2685289;1252423;0;EPSG:2056;;;;OeV_Sammlung_CH_HRDF_5_40_41_2024_20240110_201500;2024-06-04T20:26:09.902857;81
8591050;;ch:1:sloid:91050;Zürich, Auzelg Ost;;;;;;8.572166;47.413345;0;EPSG:4326;2685546;1252010;0;EPSG:2056;;;;OeV_Sammlung_CH_HRDF_5_40_41_2024_20240110_201500;2024-06-04T20:26:09.902861;82
8591051;;ch:1:sloid:91051;Zürich, Bachmattstrasse;;;;;;8.483048;47.388926;0;EPSG:4326;2678857;1249202;0;EPSG:2056;;;;OeV_Sammlung_CH_HRDF_5_40_41_2024_20240110_201500;2024-06-04T20:26:09.902866;83
8591052;;ch:1:sloid:91052;Zürich, Bäckeranlage;;;;;;8.523104;47.378670;0;EPSG:4326;2681897;1248103;0;EPSG:2056;;;;OeV_Sammlung_CH_HRDF_5_40_41_2024_20240110_201500;2024-06-04T20:26:09.902871;84
8591053;;ch:1:sloid:91053;Zürich, Bad Allenmoos;;;;;;8.537784;47.405896;0;EPSG:4326;2682963;1251145;0;EPSG:2056;;;;OeV_Sammlung_CH_HRDF_5_40_41_2024_20240110_201500;2024-06-04T20:26:09.902875;85
8591064;;ch:1:sloid:91064;Zürich Selnau, Bahnhof;;;;;8503090,8591064,8591369,8591381;8.532013;47.370672;0;EPSG:4326;2682582;1247223;0;EPSG:2056;;;;OeV_Sammlung_CH_HRDF_5_40_41_2024_20240110_201500;2024-06-04T20:26:09.902924;86
8591068;;ch:1:sloid:91068;Zürich, Bändliweg;;;;;;8.485009;47.396356;0;EPSG:4326;2678994;1250030;0;EPSG:2056;;;;OeV_Sammlung_CH_HRDF_5_40_41_2024_20240110_201500;2024-06-04T20:26:09.902943;87
8591070;;ch:1:sloid:91070;Zürich, Baslerstrasse;;;;;;8.490144;47.388763;0;EPSG:4326;2679393;1249191;0;EPSG:2056;;;;OeV_Sammlung_CH_HRDF_5_40_41_2024_20240110_201500;2024-06-04T20:26:09.902947;88
8591097;;ch:1:sloid:91097;Zürich, Bristenstrasse;;;;;;8.487058;47.390077;0;EPSG:4326;2679158;1249334;0;EPSG:2056;;;;OeV_Sammlung_CH_HRDF_5_40_41_2024_20240110_201500;2024-06-04T20:26:09.903062;88
8591165;;ch:1:sloid:91165;Zürich, Grimselstrasse;;;;;;8.490082;47.386964;0;EPSG:4326;2679391;1248991;0;EPSG:2056;;;;OeV_Sammlung_CH_HRDF_5_40_41_2024_20240110_201500;2024-06-04T20:26:09.903342;88
8591071;;ch:1:sloid:91071;Zürich, Beckenhof;;;;;;8.540446;47.384084;0;EPSG:4326;2683198;1248723;0;EPSG:2056;;;;OeV_Sammlung_CH_HRDF_5_40_41_2024_20240110_201500;2024-06-04T20:26:09.902952;89
8591072;;ch:1:sloid:91072;Zürich, Berghaldenstrasse;;;;;;8.590023;47.358504;0;EPSG:4326;2686983;1245933;0;EPSG:2056;;;;OeV_Sammlung_CH_HRDF_5_40_41_2024_20240110_201500;2024-06-04T20:26:09.902956;90
8591073;;ch:1:sloid:91073;Zürich, Berninaplatz;;;;;;8.547912;47.403640;0;EPSG:4326;2683731;1250905;0;EPSG:2056;;;;OeV_Sammlung_CH_HRDF_5_40_41_2024_20240110_201500;2024-06-04T20:26:09.902961;91
8591074;;ch:1:sloid:91074;Zürich, Bernoulli-Häuser;;;;;;8.508709;47.393765;0;EPSG:4326;2680787;1249766;0;EPSG:2056;;;;OeV_Sammlung_CH_HRDF_5_40_41_2024_20240110_201500;2024-06-04T20:26:09.902965;92
8591075;;ch:1:sloid:91075;Zürich, Bertastrasse;;;;;;8.513473;47.373885;0;EPSG:4326;2681177;1247561;0;EPSG:2056;;;;OeV_Sammlung_CH_HRDF_5_40_41_2024_20240110_201500;2024-06-04T20:26:09.902969;93
8591076;;ch:1:sloid:91076;Zürich, Berufswahlschule;;;;;;8.533327;47.404373;0;EPSG:4326;2682629;1250971;0;EPSG:2056;;;;OeV_Sammlung_CH_HRDF_5_40_41_2024_20240110_201500;2024-06-04T20:26:09.902973;94
8591077;;ch:1:sloid:91077;Zürich, Besenrainstrasse;;;;;8591077,8591216;8.527857;47.345480;0;EPSG:4326;2682307;1244418;0;EPSG:2056;;;;OeV_Sammlung_CH_HRDF_5_40_41_2024_20240110_201500;2024-06-04T20:26:09.902979;95
8591078;;ch:1:sloid:91078;Zürich, Bethanien;;;;;;8.555995;47.380913;0;EPSG:4326;2684377;1248387;0;EPSG:2056;;;;OeV_Sammlung_CH_HRDF_5_40_41_2024_20240110_201500;2024-06-04T20:26:09.902984;96
8591079;;ch:1:sloid:91079;Zürich, Bezirksgebäude;;;;;8591079,8591227;8.525556;47.374169;0;EPSG:4326;2682089;1247605;0;EPSG:2056;;;;OeV_Sammlung_CH_HRDF_5_40_41_2024_20240110_201500;2024-06-04T20:26:09.902988;97
8591082;;ch:1:sloid:91082;Zürich, Billoweg;;;;;;8.531976;47.351468;0;EPSG:4326;2682609;1245088;0;EPSG:2056;;;;OeV_Sammlung_CH_HRDF_5_40_41_2024_20240110_201500;2024-06-04T20:26:09.903003;98
8591083;;ch:1:sloid:91083;Zürich, Grubenstrasse;;;;;;8.511676;47.362839;0;EPSG:4326;2681058;1246331;0;EPSG:2056;;;;OeV_Sammlung_CH_HRDF_5_40_41_2024_20240110_201500;2024-06-04T20:26:09.903007;99
8591308;;ch:1:sloid:91308;Zürich, Räffelstrasse;;;;;;8.514666;47.362748;0;EPSG:4326;2681284;1246324;0;EPSG:2056;;;;OeV_Sammlung_CH_HRDF_5_40_41_2024_20240110_201500;2024-06-04T20:26:09.903977;99
8591084;;ch:1:sloid:91084;Zürich, Binz Center;;;;;;8.511048;47.361900;0;EPSG:4326;2681012;1246226;0;EPSG:2056;;;;OeV_Sammlung_CH_HRDF_5_40_41_2024_20240110_201500;2024-06-04T20:26:09.903011;100
8591085;;ch:1:sloid:91085;Zürich, Birch-/Glatttalstrasse;;;;;;8.546141;47.427404;0;EPSG:4326;2683560;1253545;0;EPSG:2056;;;;OeV_Sammlung_CH_HRDF_5_40_41_2024_20240110_201500;2024-06-04T20:26:09.903015;101
8591086;;ch:1:sloid:91086;Zürich, Birchdörfli;;;;;;8.530596;47.407538;0;EPSG:4326;2682418;1251320;0;EPSG:2056;;;;OeV_Sammlung_CH_HRDF_5_40_41_2024_20240110_201500;2024-06-04T20:26:09.903020;102
8591087;;ch:1:sloid:91087;Zürich, Bircher-Benner;;;;;;8.564798;47.375736;0;EPSG:4326;2685050;1247821;0;EPSG:2056;;;;OeV_Sammlung_CH_HRDF_5_40_41_2024_20240110_201500;2024-06-04T20:26:09.903026;103
8591088;;ch:1:sloid:91088;Zürich, Birchstrasse;;;;;;8.535851;47.413047;0;EPSG:4326;2682806;1251938;0;EPSG:2056;;;;OeV_Sammlung_CH_HRDF_5_40_41_2024_20240110_201500;2024-06-04T20:26:09.903030;104
8591089;;ch:1:sloid:91089;Zürich, Bleulerstrasse;;;;;;8.571593;47.347173;0;EPSG:4326;2685609;1244653;0;EPSG:2056;;;;OeV_Sammlung_CH_HRDF_5_40_41_2024_20240110_201500;2024-06-04T20:26:09.903035;105
8591090;;ch:1:sloid:91090;Zürich, Blumenfeldstrasse;;;;;;8.505255;47.423776;0;EPSG:4326;2680481;1253099;0;EPSG:2056;;;;OeV_Sammlung_CH_HRDF_5_40_41_2024_20240110_201500;2024-06-04T20:26:09.903045;106
8591092;;ch:1:sloid:91092;Zürich, Bollingerweg;;;;;;8.537904;47.414287;0;EPSG:4326;2682959;1252078;0;EPSG:2056;;;;OeV_Sammlung_CH_HRDF_5_40_41_2024_20240110_201500;2024-06-04T20:26:09.903049;107
8591093;;ch:1:sloid:91093;Zürich, Kantonalbank;;;;;;8.539747;47.368170;0;EPSG:4326;2683170;1246953;0;EPSG:2056;;;;OeV_Sammlung_CH_HRDF_5_40_41_2024_20240110_201500;2024-06-04T20:26:09.903054;108
8591094;;ch:1:sloid:91094;Zürich, Botanischer Garten;;;;;;8.557833;47.359342;0;EPSG:4326;2684550;1245991;0;EPSG:2056;;;;OeV_Sammlung_CH_HRDF_5_40_41_2024_20240110_201500;2024-06-04T20:26:09.903058;109
8591098;;ch:1:sloid:91098;Zürich, Brunau/Mutschellenstr.;;;;;8503086,8591098;8.527141;47.355147;0;EPSG:4326;2682238;1245492;0;EPSG:2056;;;;OeV_Sammlung_CH_HRDF_5_40_41_2024_20240110_201500;2024-06-04T20:26:09.903066;110
8591100;;ch:1:sloid:91100;Zürich, Brunaustrasse;;;;;;8.532218;47.356134;0;EPSG:4326;2682620;1245607;0;EPSG:2056;;;;OeV_Sammlung_CH_HRDF_5_40_41_2024_20240110_201500;2024-06-04T20:26:09.903071;111
8591101;;ch:1:sloid:91101;Zürich, Bucheggplatz;;;;;;8.533284;47.398410;0;EPSG:4326;2682635;1250308;0;EPSG:2056;;;;OeV_Sammlung_CH_HRDF_5_40_41_2024_20240110_201500;2024-06-04T20:26:09.903076;112
8591102;;ch:1:sloid:91102;Zürich, Buchholz;;;;;;8.588699;47.360928;0;EPSG:4326;2686879;1246201;0;EPSG:2056;;;;OeV_Sammlung_CH_HRDF_5_40_41_2024_20240110_201500;2024-06-04T20:26:09.903080;113
8591103;;ch:1:sloid:91103;Zürich, Buhnstrasse;;;;;;8.538943;47.422256;0;EPSG:4326;2683025;1252965;0;EPSG:2056;;;;OeV_Sammlung_CH_HRDF_5_40_41_2024_20240110_201500;2024-06-04T20:26:09.903085;114
8591104;;ch:1:sloid:91104;Zürich, Burgwies;;;;;;8.571864;47.358018;0;EPSG:4326;2685612;1245859;0;EPSG:2056;;;;OeV_Sammlung_CH_HRDF_5_40_41_2024_20240110_201500;2024-06-04T20:26:09.903089;115
8591106;;ch:1:sloid:91106;Zürich, Butzenstrasse;;;;;;8.530314;47.341409;0;EPSG:4326;2682499;1243968;0;EPSG:2056;;;;OeV_Sammlung_CH_HRDF_5_40_41_2024_20240110_201500;2024-06-04T20:26:09.903099;116
8591107;;ch:1:sloid:91107;Zürich, Zentrum Witikon;;;;;;8.586591;47.358323;0;EPSG:4326;2686724;1245909;0;EPSG:2056;;;;OeV_Sammlung_CH_HRDF_5_40_41_2024_20240110_201500;2024-06-04T20:26:09.903103;117
8591108;;ch:1:sloid:91108;Zürich, Chaletweg;;;;;;8.531219;47.413370;0;EPSG:4326;2682456;1251969;0;EPSG:2056;;;;OeV_Sammlung_CH_HRDF_5_40_41_2024_20240110_201500;2024-06-04T20:26:09.903107;118
8591109;;ch:1:sloid:91109;Zürich, Chinagarten;;;;;;8.552953;47.354514;0;EPSG:4326;2684189;1245449;0;EPSG:2056;;;;OeV_Sammlung_CH_HRDF_5_40_41_2024_20240110_201500;2024-06-04T20:26:09.903111;119
8591110;;ch:1:sloid:91110;Zürich, Löwenbräu;;;;;;8.526072;47.388403;0;EPSG:4326;2682106;1249188;0;EPSG:2056;;;;OeV_Sammlung_CH_HRDF_5_40_41_2024_20240110_201500;2024-06-04T20:26:09.903116;120
8591111;;ch:1:sloid:91111;Zürich, Dangelstrasse;;;;;;8.529975;47.334548;0;EPSG:4326;2682484;1243205;0;EPSG:2056;;;;OeV_Sammlung_CH_HRDF_5_40_41_2024_20240110_201500;2024-06-04T20:26:09.903120;121
8591112;;ch:1:sloid:91112;Zürich, Dorflinde;;;;;;8.549262;47.407404;0;EPSG:4326;2683827;1251325;0;EPSG:2056;;;;OeV_Sammlung_CH_HRDF_5_40_41_2024_20240110_201500;2024-06-04T20:26:09.903125;122
8591113;;ch:1:sloid:91113;Zürich, Dreispitz;;;;;;8.567169;47.410794;0;EPSG:4326;2685173;1251721;0;EPSG:2056;;;;OeV_Sammlung_CH_HRDF_5_40_41_2024_20240110_201500;2024-06-04T20:26:09.903129;123
8591114;;ch:1:sloid:91114;Zürich, Dreiwiesen;;;;;;8.575643;47.378823;0;EPSG:4326;2685864;1248176;0;EPSG:2056;;;;OeV_Sammlung_CH_HRDF_5_40_41_2024_20240110_201500;2024-06-04T20:26:09.903134;124
8591115;;ch:1:sloid:91115;Zürich, Drusbergstrasse;;;;;;8.578837;47.360342;0;EPSG:4326;2686135;1246125;0;EPSG:2056;;;;OeV_Sammlung_CH_HRDF_5_40_41_2024_20240110_201500;2024-06-04T20:26:09.903138;125
8591116;;ch:1:sloid:91116;Zürich, Dunkelhölzli;;;;;;8.470054;47.388890;0;EPSG:4326;2677876;1249185;0;EPSG:2056;;;;OeV_Sammlung_CH_HRDF_5_40_41_2024_20240110_201500;2024-06-04T20:26:09.903142;126
8591118;;ch:1:sloid:91118;Zürich, Einfangstrasse;;;;;;8.512926;47.415700;0;EPSG:4326;2681072;1252209;0;EPSG:2056;;;;OeV_Sammlung_CH_HRDF_5_40_41_2024_20240110_201500;2024-06-04T20:26:09.903147;127
8591119;;ch:1:sloid:91119;Zürich, Englischviertelstrasse;;;;;;8.558173;47.366733;0;EPSG:4326;2684564;1246813;0;EPSG:2056;;;;OeV_Sammlung_CH_HRDF_5_40_41_2024_20240110_201500;2024-06-04T20:26:09.903152;128
8591120;;ch:1:sloid:91120;Zürich, EPI-Klinik;;;;;;8.570659;47.348648;0;EPSG:4326;2685536;1244816;0;EPSG:2056;;;;OeV_Sammlung_CH_HRDF_5_40_41_2024_20240110_201500;2024-06-04T20:26:09.903156;129
8591121;;ch:1:sloid:91121;Zürich, Eschergutweg;;;;;;8.512044;47.396270;0;EPSG:4326;2681035;1250048;0;EPSG:2056;;;;OeV_Sammlung_CH_HRDF_5_40_41_2024_20240110_201500;2024-06-04T20:26:09.903160;130
8591122;;ch:1:sloid:91122;Zürich, ETH Hönggerberg;;;;;;8.507710;47.408679;0;EPSG:4326;2680689;1251423;0;EPSG:2056;;;;OeV_Sammlung_CH_HRDF_5_40_41_2024_20240110_201500;2024-06-04T20:26:09.903166;131
8591123;;ch:1:sloid:91123;Zürich, ETH/Universitätsspital;;;;;8503500,8591123;8.548237;47.377289;0;EPSG:4326;2683797;1247976;0;EPSG:2056;;;;OeV_Sammlung_CH_HRDF_5_40_41_2024_20240110_201500;2024-06-04T20:26:09.903170;132
8591124;;ch:1:sloid:91124;Zürich, Ettenfeld;;;;;;8.553629;47.425461;0;EPSG:4326;2684128;1253337;0;EPSG:2056;;;;OeV_Sammlung_CH_HRDF_5_40_41_2024_20240110_201500;2024-06-04T20:26:09.903174;133
8591126;;ch:1:sloid:91126;Zürich, Fellenbergstrasse;;;;;;8.488417;47.375718;0;EPSG:4326;2679282;1247739;0;EPSG:2056;;;;OeV_Sammlung_CH_HRDF_5_40_41_2024_20240110_201500;2024-06-04T20:26:09.903179;134
8591127;;ch:1:sloid:91127;Zürich, Felsenrainstrasse;;;;;8503007,8591127,8591354,8591355;8.545297;47.416789;0;EPSG:4326;2683513;1252364;0;EPSG:2056;;;;OeV_Sammlung_CH_HRDF_5_40_41_2024_20240110_201500;2024-06-04T20:26:09.903184;135
8591128;;ch:1:sloid:91128;Zürich, Fernsehstudio;;;;;;8.561746;47.418178;0;EPSG:4326;2684752;1252536;0;EPSG:2056;;;;OeV_Sammlung_CH_HRDF_5_40_41_2024_20240110_201500;2024-06-04T20:26:09.903188;136
8591130;;ch:1:sloid:91130;Zürich, Feusisbergli;;;;;;8.470987;47.392668;0;EPSG:4326;2677941;1249606;0;EPSG:2056;;;;OeV_Sammlung_CH_HRDF_5_40_41_2024_20240110_201500;2024-06-04T20:26:09.903192;137
8591131;;ch:1:sloid:91131;Zürich, Fischerweg;;;;;;8.512123;47.393571;0;EPSG:4326;2681045;1249748;0;EPSG:2056;;;;OeV_Sammlung_CH_HRDF_5_40_41_2024_20240110_201500;2024-06-04T20:26:09.903196;138
8591132;;ch:1:sloid:91132;Zürich, Flobotstrasse;;;;;;8.568039;47.380580;0;EPSG:4326;2685287;1248363;0;EPSG:2056;;;;OeV_Sammlung_CH_HRDF_5_40_41_2024_20240110_201500;2024-06-04T20:26:09.903200;139
8591133;;ch:1:sloid:91133;Zürich, Flühgasse;;;;;;8.569479;47.350459;0;EPSG:4326;2685444;1245016;0;EPSG:2056;;;;OeV_Sammlung_CH_HRDF_5_40_41_2024_20240110_201500;2024-06-04T20:26:09.903204;140
8591134;;ch:1:sloid:91134;Zürich, Flurstrasse;;;;;;8.491989;47.381559;0;EPSG:4326;2679543;1248392;0;EPSG:2056;;;;OeV_Sammlung_CH_HRDF_5_40_41_2024_20240110_201500;2024-06-04T20:26:09.903211;141
8591135;;ch:1:sloid:91135;Zürich, Förrlibuckstrasse;;;;;;8.517155;47.392211;0;EPSG:4326;2681427;1249602;0;EPSG:2056;;;;OeV_Sammlung_CH_HRDF_5_40_41_2024_20240110_201500;2024-06-04T20:26:09.903215;142
8591136;;ch:1:sloid:91136;Zürich, Frankental;;;;;;8.481636;47.405471;0;EPSG:4326;2678726;1251040;0;EPSG:2056;;;;OeV_Sammlung_CH_HRDF_5_40_41_2024_20240110_201500;2024-06-04T20:26:09.903219;143
8591137;;ch:1:sloid:91137;Zürich, Freiestrasse;;;;;;8.562976;47.362801;0;EPSG:4326;2684933;1246381;0;EPSG:2056;;;;OeV_Sammlung_CH_HRDF_5_40_41_2024_20240110_201500;2024-06-04T20:26:09.903224;144
8591138;;ch:1:sloid:91138;Zürich, Freihofstrasse;;;;;;8.499372;47.383228;0;EPSG:4326;2680098;1248585;0;EPSG:2056;;;;OeV_Sammlung_CH_HRDF_5_40_41_2024_20240110_201500;2024-06-04T20:26:09.903230;145
8591140;;ch:1:sloid:91140;Zürich, Friedackerstrasse;;;;;;8.553194;47.405937;0;EPSG:4326;2684126;1251166;0;EPSG:2056;;;;OeV_Sammlung_CH_HRDF_5_40_41_2024_20240110_201500;2024-06-04T20:26:09.903234;146
8591141;;ch:1:sloid:91141;Zürich, Friedhof Eichbühl;;;;;;8.474533;47.382877;0;EPSG:4326;2678223;1248521;0;EPSG:2056;;;;OeV_Sammlung_CH_HRDF_5_40_41_2024_20240110_201500;2024-06-04T20:26:09.903238;147
8591142;;ch:1:sloid:91142;Zürich, Friedhof Enzenbühl;;;;;;8.580278;47.350973;0;EPSG:4326;2686259;1245085;0;EPSG:2056;;;;OeV_Sammlung_CH_HRDF_5_40_41_2024_20240110_201500;2024-06-04T20:26:09.903243;148
8591143;;ch:1:sloid:91143;Zürich, Friedhof Hönggerberg;;;;;;8.494134;47.408938;0;EPSG:4326;2679664;1251438;0;EPSG:2056;;;;OeV_Sammlung_CH_HRDF_5_40_41_2024_20240110_201500;2024-06-04T20:26:09.903247;149
8591144;;ch:1:sloid:91144;Zürich, Friedhof Schwandenholz;;;;;;8.537758;47.421350;0;EPSG:4326;2682937;1252863;0;EPSG:2056;;;;OeV_Sammlung_CH_HRDF_5_40_41_2024_20240110_201500;2024-06-04T20:26:09.903251;150
8591145;;ch:1:sloid:91145;Zürich, Friedhof Sihlfeld;;;;;;8.510893;47.375934;0;EPSG:4326;2680979;1247786;0;EPSG:2056;;;;OeV_Sammlung_CH_HRDF_5_40_41_2024_20240110_201500;2024-06-04T20:26:09.903256;151
8591146;;ch:1:sloid:91146;Zürich, Friedhof Uetliberg;;;;;;8.500605;47.358705;0;EPSG:4326;2680228;1245860;0;EPSG:2056;;;;OeV_Sammlung_CH_HRDF_5_40_41_2024_20240110_201500;2024-06-04T20:26:09.903261;152
8591147;;ch:1:sloid:91147;Zürich, Friedhof Witikon;;;;;;8.602820;47.361344;0;EPSG:4326;2687945;1246263;0;EPSG:2056;;;;OeV_Sammlung_CH_HRDF_5_40_41_2024_20240110_201500;2024-06-04T20:26:09.903265;153
8591148;;ch:1:sloid:91148;Zürich, Friedrichstrasse;;;;;;8.569064;47.403939;0;EPSG:4326;2685327;1250961;0;EPSG:2056;;;;OeV_Sammlung_CH_HRDF_5_40_41_2024_20240110_201500;2024-06-04T20:26:09.903269;154
8591150;;ch:1:sloid:91150;Zürich, Friesenberghalde;;;;;;8.502401;47.361117;0;EPSG:4326;2680360;1246130;0;EPSG:2056;;;;OeV_Sammlung_CH_HRDF_5_40_41_2024_20240110_201500;2024-06-04T20:26:09.903279;155
8591151;;ch:1:sloid:91151;Zürich, Friesenbergstrasse;;;;;;8.505094;47.362063;0;EPSG:4326;2680562;1246238;0;EPSG:2056;;;;OeV_Sammlung_CH_HRDF_5_40_41_2024_20240110_201500;2024-06-04T20:26:09.903283;155
8591152;;ch:1:sloid:91152;Zürich, Frohburg;;;;;;8.562618;47.404236;0;EPSG:4326;2684840;1250987;0;EPSG:2056;;;;OeV_Sammlung_CH_HRDF_5_40_41_2024_20240110_201500;2024-06-04T20:26:09.903287;156
8591153;;ch:1:sloid:91153;Zürich, Fronwald;;;;;;8.510044;47.421961;0;EPSG:4326;2680845;1252902;0;EPSG:2056;;;;OeV_Sammlung_CH_HRDF_5_40_41_2024_20240110_201500;2024-06-04T20:26:09.903292;157
8591154;;ch:1:sloid:91154;Zürich, Frymannstrasse;;;;;;8.519150;47.335136;0;EPSG:4326;2681665;1243259;0;EPSG:2056;;;;OeV_Sammlung_CH_HRDF_5_40_41_2024_20240110_201500;2024-06-04T20:26:09.903297;158
8591155;;ch:1:sloid:91155;Zürich, Geeringstrasse;;;;;;8.480434;47.414442;0;EPSG:4326;2678622;1252036;0;EPSG:2056;;;;OeV_Sammlung_CH_HRDF_5_40_41_2024_20240110_201500;2024-06-04T20:26:09.903302;159
8591156;;ch:1:sloid:91156;Zürich, Germaniastrasse;;;;;;8.552526;47.387297;0;EPSG:4326;2684105;1249093;0;EPSG:2056;;;;OeV_Sammlung_CH_HRDF_5_40_41_2024_20240110_201500;2024-06-04T20:26:09.903306;160
8591164;;ch:1:sloid:91164;Zürich, Goldauerstrasse;;;;;;8.550159;47.386204;0;EPSG:4326;2683928;1248969;0;EPSG:2056;;;;OeV_Sammlung_CH_HRDF_5_40_41_2024_20240110_201500;2024-06-04T20:26:09.903337;160
8591171;;ch:1:sloid:91171;Zürich, Hadlaubstrasse;;;;;;8.551335;47.386794;0;EPSG:4326;2684016;1249036;0;EPSG:2056;;;;OeV_Sammlung_CH_HRDF_5_40_41_2024_20240110_201500;2024-06-04T20:26:09.903365;160
8591158;;ch:1:sloid:91158;Zürich, Giblenstrasse;;;;;;8.485954;47.410731;0;EPSG:4326;2679044;1251629;0;EPSG:2056;;;;OeV_Sammlung_CH_HRDF_5_40_41_2024_20240110_201500;2024-06-04T20:26:09.903310;161
8591159;;ch:1:sloid:91159;Zürich, Glattwiesen;;;;;;8.581760;47.401601;0;EPSG:4326;2686289;1250715;0;EPSG:2056;;;;OeV_Sammlung_CH_HRDF_5_40_41_2024_20240110_201500;2024-06-04T20:26:09.903314;162
8591160;;ch:1:sloid:91160;Zürich, Glaubtenstrasse;;;;;8591160,8591161,8595899;8.518937;47.414168;0;EPSG:4326;2681528;1252045;0;EPSG:2056;;;;OeV_Sammlung_CH_HRDF_5_40_41_2024_20240110_201500;2024-06-04T20:26:09.903319;163
8591161;;ch:1:sloid:91161;Zürich, Glaubtenstrasse Süd;;;;;8591160,8591161,8595899;8.518689;47.413659;0;EPSG:4326;2681510;1251988;0;EPSG:2056;;;;OeV_Sammlung_CH_HRDF_5_40_41_2024_20240110_201500;2024-06-04T20:26:09.903324;163
8595899;;ch:1:sloid:95899;Zürich, Glaubtenstrasse Nord;;;;;8591160,8591161,8595899;8.519652;47.414747;0;EPSG:4326;2681581;1252110;0;EPSG:2056;;;;OeV_Sammlung_CH_HRDF_5_40_41_2024_20240110_201500;2024-06-04T20:26:09.920322;163
8591162;;ch:1:sloid:91162;Zürich, Glockenacker;;;;;;8.599304;47.360975;0;EPSG:4326;2687680;1246218;0;EPSG:2056;;;;OeV_Sammlung_CH_HRDF_5_40_41_2024_20240110_201500;2024-06-04T20:26:09.903328;164
8591163;;ch:1:sloid:91163;Zürich, Goldackerweg;;;;;;8.487931;47.371890;0;EPSG:4326;2679251;1247313;0;EPSG:2056;;;;OeV_Sammlung_CH_HRDF_5_40_41_2024_20240110_201500;2024-06-04T20:26:09.903332;165
8591167;;ch:1:sloid:91167;Zürich, Grünaustrasse;;;;;;8.489212;47.395230;0;EPSG:4326;2679313;1249909;0;EPSG:2056;;;;OeV_Sammlung_CH_HRDF_5_40_41_2024_20240110_201500;2024-06-04T20:26:09.903347;166
8591168;;ch:1:sloid:91168;Zürich, Guggachstrasse;;;;;;8.540143;47.395709;0;EPSG:4326;2683157;1250015;0;EPSG:2056;;;;OeV_Sammlung_CH_HRDF_5_40_41_2024_20240110_201500;2024-06-04T20:26:09.903352;167
8591169;;ch:1:sloid:91169;Zürich, Güterbahnhof;;;;;;8.519974;47.380311;0;EPSG:4326;2681658;1248282;0;EPSG:2056;;;;OeV_Sammlung_CH_HRDF_5_40_41_2024_20240110_201500;2024-06-04T20:26:09.903356;168
8591170;;ch:1:sloid:91170;Zürich, Gutstrasse;;;;;;8.506650;47.371735;0;EPSG:4326;2680665;1247315;0;EPSG:2056;;;;OeV_Sammlung_CH_HRDF_5_40_41_2024_20240110_201500;2024-06-04T20:26:09.903361;169
8591172;;ch:1:sloid:91172;Zürich, Hagenholz;;;;;;8.555531;47.414406;0;EPSG:4326;2684289;1252110;0;EPSG:2056;;;;OeV_Sammlung_CH_HRDF_5_40_41_2024_20240110_201500;2024-06-04T20:26:09.903379;170
8591173;;ch:1:sloid:91173;Zürich, Haldenbach;;;;;;8.548380;47.380294;0;EPSG:4326;2683803;1248310;0;EPSG:2056;;;;OeV_Sammlung_CH_HRDF_5_40_41_2024_20240110_201500;2024-06-04T20:26:09.903384;171
8591174;;ch:1:sloid:91174;Zürich, Haldenegg;;;;;;8.544513;47.379647;0;EPSG:4326;2683512;1248234;0;EPSG:2056;;;;OeV_Sammlung_CH_HRDF_5_40_41_2024_20240110_201500;2024-06-04T20:26:09.903388;172
8591175;;ch:1:sloid:91175;Zürich, Hallenbad Oerlikon;;;;;;8.555864;47.410706;0;EPSG:4326;2684320;1251699;0;EPSG:2056;;;;OeV_Sammlung_CH_HRDF_5_40_41_2024_20240110_201500;2024-06-04T20:26:09.903392;173
8591176;;ch:1:sloid:91176;Zürich, Hardhof;;;;;;8.497474;47.396351;0;EPSG:4326;2679935;1250042;0;EPSG:2056;;;;OeV_Sammlung_CH_HRDF_5_40_41_2024_20240110_201500;2024-06-04T20:26:09.903397;174
8591177;;ch:1:sloid:91177;Zürich, Hardplatz;;;;;;8.514532;47.382341;0;EPSG:4326;2681244;1248502;0;EPSG:2056;;;;OeV_Sammlung_CH_HRDF_5_40_41_2024_20240110_201500;2024-06-04T20:26:09.903402;175
8591178;;ch:1:sloid:91178;Zürich, Hardturm;;;;;;8.504504;47.394163;0;EPSG:4326;2680469;1249806;0;EPSG:2056;;;;OeV_Sammlung_CH_HRDF_5_40_41_2024_20240110_201500;2024-06-04T20:26:09.903406;176
8591180;;ch:1:sloid:91180;Zürich, Hedwigsteig;;;;;;8.565031;47.360424;0;EPSG:4326;2685092;1246119;0;EPSG:2056;;;;OeV_Sammlung_CH_HRDF_5_40_41_2024_20240110_201500;2024-06-04T20:26:09.903411;177
8591181;;ch:1:sloid:91181;Zürich, Heerenwiesen;;;;;;8.576328;47.404713;0;EPSG:4326;2685874;1251055;0;EPSG:2056;;;;OeV_Sammlung_CH_HRDF_5_40_41_2024_20240110_201500;2024-06-04T20:26:09.903415;178
8591182;;ch:1:sloid:91182;Zürich, Hegianwandweg;;;;;;8.510014;47.356646;0;EPSG:4326;2680942;1245641;0;EPSG:2056;;;;OeV_Sammlung_CH_HRDF_5_40_41_2024_20240110_201500;2024-06-04T20:26:09.903419;179
8591183;;ch:1:sloid:91183;Zürich, Helmhaus;;;;;;8.543295;47.370070;0;EPSG:4326;2683435;1247168;0;EPSG:2056;;;;OeV_Sammlung_CH_HRDF_5_40_41_2024_20240110_201500;2024-06-04T20:26:09.903424;180
8591184;;ch:1:sloid:91184;Zürich, Helvetiaplatz;;;;;;8.525362;47.376357;0;EPSG:4326;2682071;1247848;0;EPSG:2056;;;;OeV_Sammlung_CH_HRDF_5_40_41_2024_20240110_201500;2024-06-04T20:26:09.903429;181
8591185;;ch:1:sloid:91185;Zürich, Herbstweg;;;;;;8.564795;47.408837;0;EPSG:4326;2684997;1251501;0;EPSG:2056;;;;OeV_Sammlung_CH_HRDF_5_40_41_2024_20240110_201500;2024-06-04T20:26:09.903433;182
8591186;;ch:1:sloid:91186;Zürich, Herdernstrasse;;;;;;8.509165;47.384828;0;EPSG:4326;2680835;1248773;0;EPSG:2056;;;;OeV_Sammlung_CH_HRDF_5_40_41_2024_20240110_201500;2024-06-04T20:26:09.903438;183
8591187;;ch:1:sloid:91187;Zürich, Hertensteinstrasse;;;;;;8.543489;47.422878;0;EPSG:4326;2683367;1253039;0;EPSG:2056;;;;OeV_Sammlung_CH_HRDF_5_40_41_2024_20240110_201500;2024-06-04T20:26:09.903442;184
8591188;;ch:1:sloid:91188;Zürich, Herzogenmühlestrasse;;;;;;8.572705;47.407528;0;EPSG:4326;2685596;1251364;0;EPSG:2056;;;;OeV_Sammlung_CH_HRDF_5_40_41_2024_20240110_201500;2024-06-04T20:26:09.903447;185
8591189;;ch:1:sloid:91189;Zürich, Heubeeriweg;;;;;;8.564619;47.381657;0;EPSG:4326;2685027;1248479;0;EPSG:2056;;;;OeV_Sammlung_CH_HRDF_5_40_41_2024_20240110_201500;2024-06-04T20:26:09.903452;186
8591190;;ch:1:sloid:91190;Zürich, Heuried;;;;;;8.506353;47.369410;0;EPSG:4326;2680646;1247056;0;EPSG:2056;;;;OeV_Sammlung_CH_HRDF_5_40_41_2024_20240110_201500;2024-06-04T20:26:09.903456;187
8591191;;ch:1:sloid:91191;Zürich, Himmeri;;;;;;8.538655;47.419875;0;EPSG:4326;2683007;1252700;0;EPSG:2056;;;;OeV_Sammlung_CH_HRDF_5_40_41_2024_20240110_201500;2024-06-04T20:26:09.903460;188
8591192;;ch:1:sloid:91192;Zürich, Hinterbergstrasse;;;;;;8.554573;47.380106;0;EPSG:4326;2684271;1248296;0;EPSG:2056;;;;OeV_Sammlung_CH_HRDF_5_40_41_2024_20240110_201500;2024-06-04T20:26:09.903464;189
8591193;;ch:1:sloid:91193;Zürich, Hirschwiesenstrasse;;;;;;8.543509;47.400272;0;EPSG:4326;2683404;1250526;0;EPSG:2056;;;;OeV_Sammlung_CH_HRDF_5_40_41_2024_20240110_201500;2024-06-04T20:26:09.903468;190
8591194;;ch:1:sloid:91194;Zürich, Hirzenbach;;;;;;8.591163;47.403253;0;EPSG:4326;2686996;1250909;0;EPSG:2056;;;;OeV_Sammlung_CH_HRDF_5_40_41_2024_20240110_201500;2024-06-04T20:26:09.903474;191
8591195;;ch:1:sloid:91195;Zürich, Höfliweg;;;;;;8.510962;47.367576;0;EPSG:4326;2680997;1246857;0;EPSG:2056;;;;OeV_Sammlung_CH_HRDF_5_40_41_2024_20240110_201500;2024-06-04T20:26:09.903478;192
8591196;;ch:1:sloid:91196;Zürich, Hofstrasse;;;;;;8.561557;47.373366;0;EPSG:4326;2684809;1247554;0;EPSG:2056;;;;OeV_Sammlung_CH_HRDF_5_40_41_2024_20240110_201500;2024-06-04T20:26:09.903482;193
8591197;;ch:1:sloid:91197;Zürich, Hohenklingensteig;;;;;;8.490207;47.401346;0;EPSG:4326;2679379;1250590;0;EPSG:2056;;;;OeV_Sammlung_CH_HRDF_5_40_41_2024_20240110_201500;2024-06-04T20:26:09.903487;194
8591198;;ch:1:sloid:91198;Zürich, Hölderlinsteig;;;;;;8.565037;47.366999;0;EPSG:4326;2685082;1246850;0;EPSG:2056;;;;OeV_Sammlung_CH_HRDF_5_40_41_2024_20240110_201500;2024-06-04T20:26:09.903492;195
8591199;;ch:1:sloid:91199;Zürich, Hölderlinstrasse;;;;;;8.562396;47.366115;0;EPSG:4326;2684884;1246749;0;EPSG:2056;;;;OeV_Sammlung_CH_HRDF_5_40_41_2024_20240110_201500;2024-06-04T20:26:09.903496;195
8591200;;ch:1:sloid:91200;Zürich, Holzerhurd;;;;;;8.496615;47.423802;0;EPSG:4326;2679829;1253093;0;EPSG:2056;;;;OeV_Sammlung_CH_HRDF_5_40_41_2024_20240110_201500;2024-06-04T20:26:09.903500;196
8591201;;ch:1:sloid:91201;Zürich, Hönggerberg;;;;;;8.504733;47.404937;0;EPSG:4326;2680470;1251004;0;EPSG:2056;;;;OeV_Sammlung_CH_HRDF_5_40_41_2024_20240110_201500;2024-06-04T20:26:09.903504;197
8591202;;ch:1:sloid:91202;Zürich, Hottingerplatz;;;;;;8.554404;47.369468;0;EPSG:4326;2684275;1247113;0;EPSG:2056;;;;OeV_Sammlung_CH_HRDF_5_40_41_2024_20240110_201500;2024-06-04T20:26:09.903509;198
8591203;;ch:1:sloid:91203;Zürich, Hubertus;;;;;;8.499149;47.377382;0;EPSG:4326;2680090;1247935;0;EPSG:2056;;;;OeV_Sammlung_CH_HRDF_5_40_41_2024_20240110_201500;2024-06-04T20:26:09.903513;199
8591204;;ch:1:sloid:91204;Zürich, Hügelstrasse;;;;;;8.526998;47.358540;0;EPSG:4326;2682222;1245869;0;EPSG:2056;;;;OeV_Sammlung_CH_HRDF_5_40_41_2024_20240110_201500;2024-06-04T20:26:09.903517;200
8591206;;ch:1:sloid:91206;Zürich, Hürstholz;;;;;;8.522863;47.416885;0;EPSG:4326;2681820;1252351;0;EPSG:2056;;;;OeV_Sammlung_CH_HRDF_5_40_41_2024_20240110_201500;2024-06-04T20:26:09.903522;201
8591207;;ch:1:sloid:91207;Zürich, Im Ebnet;;;;;;8.543747;47.431500;0;EPSG:4326;2683373;1253998;0;EPSG:2056;;;;OeV_Sammlung_CH_HRDF_5_40_41_2024_20240110_201500;2024-06-04T20:26:09.903526;202
8591208;;ch:1:sloid:91208;Zürich, Im Gut;;;;;;8.503365;47.373611;0;EPSG:4326;2680414;1247520;0;EPSG:2056;;;;OeV_Sammlung_CH_HRDF_5_40_41_2024_20240110_201500;2024-06-04T20:26:09.903531;203
8591209;;ch:1:sloid:91209;Zürich, Im Hagacker;;;;;;8.507712;47.359269;0;EPSG:4326;2680764;1245930;0;EPSG:2056;;;;OeV_Sammlung_CH_HRDF_5_40_41_2024_20240110_201500;2024-06-04T20:26:09.903536;204
8591210;;ch:1:sloid:91210;Zürich, Im Hüsli;;;;;;8.512700;47.328234;0;EPSG:4326;2681188;1242485;0;EPSG:2056;;;;OeV_Sammlung_CH_HRDF_5_40_41_2024_20240110_201500;2024-06-04T20:26:09.903540;205
8591211;;ch:1:sloid:91211;Zürich, Im Klösterli;;;;;;8.576933;47.384630;0;EPSG:4326;2685952;1248823;0;EPSG:2056;;;;OeV_Sammlung_CH_HRDF_5_40_41_2024_20240110_201500;2024-06-04T20:26:09.903544;206
8591212;;ch:1:sloid:91212;Zürich, Im Walder;;;;;;8.574366;47.348117;0;EPSG:4326;2685817;1244761;0;EPSG:2056;;;;OeV_Sammlung_CH_HRDF_5_40_41_2024_20240110_201500;2024-06-04T20:26:09.903552;207
8591213;;ch:1:sloid:91213;Zürich, Im Wingert;;;;;;8.508836;47.401427;0;EPSG:4326;2680785;1250618;0;EPSG:2056;;;;OeV_Sammlung_CH_HRDF_5_40_41_2024_20240110_201500;2024-06-04T20:26:09.903557;208
8591214;;ch:1:sloid:91214;Zürich, In der Ey;;;;;;8.491626;47.369239;0;EPSG:4326;2679534;1247022;0;EPSG:2056;;;;OeV_Sammlung_CH_HRDF_5_40_41_2024_20240110_201500;2024-06-04T20:26:09.903562;209
8591215;;ch:1:sloid:91215;Zürich, Juchhof;;;;;;8.473176;47.398315;0;EPSG:4326;2678098;1250236;0;EPSG:2056;;;;OeV_Sammlung_CH_HRDF_5_40_41_2024_20240110_201500;2024-06-04T20:26:09.903566;210
8591216;;ch:1:sloid:91216;Zürich, Jugendherberge;;;;;8591077,8591216;8.528213;47.348004;0;EPSG:4326;2682330;1244699;0;EPSG:2056;;;;OeV_Sammlung_CH_HRDF_5_40_41_2024_20240110_201500;2024-06-04T20:26:09.903570;211
8591217;;ch:1:sloid:91217;Zürich, Kalchbühlweg;;;;;;8.531525;47.340532;0;EPSG:4326;2682592;1243872;0;EPSG:2056;;;;OeV_Sammlung_CH_HRDF_5_40_41_2024_20240110_201500;2024-06-04T20:26:09.903575;212
8591218;;ch:1:sloid:91218;Zürich,Kalkbreite/Bhf.Wiedikon;;;;;8503011,8573710,8591218;8.521336;47.374423;0;EPSG:4326;2681770;1247629;0;EPSG:2056;;;;OeV_Sammlung_CH_HRDF_5_40_41_2024_20240110_201500;2024-06-04T20:26:09.903580;213
8591219;;ch:1:sloid:91219;Zürich, Kanonengasse;;;;;;8.530305;47.378469;0;EPSG:4326;2682441;1248088;0;EPSG:2056;;;;OeV_Sammlung_CH_HRDF_5_40_41_2024_20240110_201500;2024-06-04T20:26:09.903585;214
8591220;;ch:1:sloid:91220;Zürich, Kantonsschule;;;;;;8.550526;47.372717;0;EPSG:4326;2683977;1247470;0;EPSG:2056;;;;OeV_Sammlung_CH_HRDF_5_40_41_2024_20240110_201500;2024-06-04T20:26:09.903589;215
8591221;;ch:1:sloid:91221;Zürich, Kapfstrasse;;;;;;8.571202;47.361155;0;EPSG:4326;2685557;1246207;0;EPSG:2056;;;;OeV_Sammlung_CH_HRDF_5_40_41_2024_20240110_201500;2024-06-04T20:26:09.903593;216
8591429;;ch:1:sloid:91429;Zürich, Wetlistrasse;;;;;;8.568626;47.360155;0;EPSG:4326;2685364;1246093;0;EPSG:2056;;;;OeV_Sammlung_CH_HRDF_5_40_41_2024_20240110_201500;2024-06-04T20:26:09.904523;216
8591222;;ch:1:sloid:91222;Zürich, Kappeli;;;;;;8.495394;47.384991;0;EPSG:4326;2679795;1248777;0;EPSG:2056;;;;OeV_Sammlung_CH_HRDF_5_40_41_2024_20240110_201500;2024-06-04T20:26:09.903598;217
8591223;;ch:1:sloid:91223;Zürich, Kappenbühlweg;;;;;;8.498242;47.402964;0;EPSG:4326;2679983;1250778;0;EPSG:2056;;;;OeV_Sammlung_CH_HRDF_5_40_41_2024_20240110_201500;2024-06-04T20:26:09.903602;218
8591224;;ch:1:sloid:91224;Zürich, Käshaldenstrasse;;;;;;8.540906;47.430018;0;EPSG:4326;2683161;1253830;0;EPSG:2056;;;;OeV_Sammlung_CH_HRDF_5_40_41_2024_20240110_201500;2024-06-04T20:26:09.903606;219
8591225;;ch:1:sloid:91225;Zürich, Genossenschaftsstrasse;;;;;;8.562373;47.415203;0;EPSG:4326;2684804;1252206;0;EPSG:2056;;;;OeV_Sammlung_CH_HRDF_5_40_41_2024_20240110_201500;2024-06-04T20:26:09.903610;220
8591226;;ch:1:sloid:91226;Zürich, Kempfhofsteig;;;;;;8.510025;47.397305;0;EPSG:4326;2680881;1250161;0;EPSG:2056;;;;OeV_Sammlung_CH_HRDF_5_40_41_2024_20240110_201500;2024-06-04T20:26:09.903614;221
8591227;;ch:1:sloid:91227;Zürich, Kernstrasse;;;;;8591079,8591227;8.524265;47.374505;0;EPSG:4326;2681991;1247641;0;EPSG:2056;;;;OeV_Sammlung_CH_HRDF_5_40_41_2024_20240110_201500;2024-06-04T20:26:09.903621;222
8591228;;ch:1:sloid:91228;Zürich, Kienastenwies;;;;;;8.601163;47.355154;0;EPSG:4326;2687830;1245573;0;EPSG:2056;;;;OeV_Sammlung_CH_HRDF_5_40_41_2024_20240110_201500;2024-06-04T20:26:09.903625;223
8591229;;ch:1:sloid:91229;Zürich, Kinkelstrasse;;;;;;8.546334;47.388886;0;EPSG:4326;2683635;1249263;0;EPSG:2056;;;;OeV_Sammlung_CH_HRDF_5_40_41_2024_20240110_201500;2024-06-04T20:26:09.903630;224
8591255;;ch:1:sloid:91255;Zürich, Letzistrasse;;;;;;8.545497;47.390684;0;EPSG:4326;2683569;1249462;0;EPSG:2056;;;;OeV_Sammlung_CH_HRDF_5_40_41_2024_20240110_201500;2024-06-04T20:26:09.903753;224
8591230;;ch:1:sloid:91230;Zürich, Kirche Fluntern;;;;;;8.559395;47.376399;0;EPSG:4326;2684641;1247889;0;EPSG:2056;;;;OeV_Sammlung_CH_HRDF_5_40_41_2024_20240110_201500;2024-06-04T20:26:09.903635;225
8591231;;ch:1:sloid:91231;Zürich, Klosbach;;;;;8591231,8591394;8.564148;47.370030;0;EPSG:4326;2685010;1247186;0;EPSG:2056;;;;OeV_Sammlung_CH_HRDF_5_40_41_2024_20240110_201500;2024-06-04T20:26:09.903639;226
8591233;;ch:1:sloid:91233;Zürich, Klusplatz;;;;;;8.566497;47.364035;0;EPSG:4326;2685197;1246522;0;EPSG:2056;;;;OeV_Sammlung_CH_HRDF_5_40_41_2024_20240110_201500;2024-06-04T20:26:09.903643;227
8591234;;ch:1:sloid:91234;Zürich, Köschenrüti;;;;;;8.537108;47.429045;0;EPSG:4326;2682876;1253718;0;EPSG:2056;;;;OeV_Sammlung_CH_HRDF_5_40_41_2024_20240110_201500;2024-06-04T20:26:09.903648;228
8591235;;ch:1:sloid:91235;Zürich, Krematorium Nordheim;;;;;;8.528245;47.405364;0;EPSG:4326;2682244;1251076;0;EPSG:2056;;;;OeV_Sammlung_CH_HRDF_5_40_41_2024_20240110_201500;2024-06-04T20:26:09.903652;229
8591236;;ch:1:sloid:91236;Zürich, Altes Krematorium;;;;;;8.507872;47.377806;0;EPSG:4326;2680748;1247991;0;EPSG:2056;;;;OeV_Sammlung_CH_HRDF_5_40_41_2024_20240110_201500;2024-06-04T20:26:09.903656;230
8591237;;ch:1:sloid:91237;Zürich, Kronenstrasse;;;;;;8.539122;47.387956;0;EPSG:4326;2683092;1249152;0;EPSG:2056;;;;OeV_Sammlung_CH_HRDF_5_40_41_2024_20240110_201500;2024-06-04T20:26:09.903661;231
8591291;;ch:1:sloid:91291;Zürich, Nordstrasse;;;;;;8.536163;47.388326;0;EPSG:4326;2682868;1249190;0;EPSG:2056;;;;OeV_Sammlung_CH_HRDF_5_40_41_2024_20240110_201500;2024-06-04T20:26:09.903910;231
8591324;;ch:1:sloid:91324;Zürich, Röslistrasse;;;;;;8.540501;47.388662;0;EPSG:4326;2683195;1249232;0;EPSG:2056;;;;OeV_Sammlung_CH_HRDF_5_40_41_2024_20240110_201500;2024-06-04T20:26:09.904039;231
8591296;;ch:1:sloid:91296;Zürich, Okenstrasse;;;;;;8.534143;47.388012;0;EPSG:4326;2682716;1249153;0;EPSG:2056;;;;OeV_Sammlung_CH_HRDF_5_40_41_2024_20240110_201500;2024-06-04T20:26:09.903928;231
8591238;;ch:1:sloid:91238;Zürich, Krönleinstrasse;;;;;;8.561030;47.384192;0;EPSG:4326;2684752;1248757;0;EPSG:2056;;;;OeV_Sammlung_CH_HRDF_5_40_41_2024_20240110_201500;2024-06-04T20:26:09.903666;232
8591239;;ch:1:sloid:91239;Zürich, Kunsthaus;;;;;;8.549141;47.370437;0;EPSG:4326;2683876;1247215;0;EPSG:2056;;;;OeV_Sammlung_CH_HRDF_5_40_41_2024_20240110_201500;2024-06-04T20:26:09.903671;233
8591240;;ch:1:sloid:91240;Zürich, Lägernstrasse;;;;;;8.532185;47.395909;0;EPSG:4326;2682556;1250029;0;EPSG:2056;;;;OeV_Sammlung_CH_HRDF_5_40_41_2024_20240110_201500;2024-06-04T20:26:09.903675;234
8591241;;ch:1:sloid:91241;Zürich, Landiwiese;;;;;;8.534230;47.350987;0;EPSG:4326;2682780;1245037;0;EPSG:2056;;;;OeV_Sammlung_CH_HRDF_5_40_41_2024_20240110_201500;2024-06-04T20:26:09.903680;235
8591242;;ch:1:sloid:91242;Zürich, Langensteinenstrasse;;;;;;8.549759;47.392494;0;EPSG:4326;2683888;1249668;0;EPSG:2056;;;;OeV_Sammlung_CH_HRDF_5_40_41_2024_20240110_201500;2024-06-04T20:26:09.903685;236
8591243;;ch:1:sloid:91243;Zürich, Langgrütstrasse;;;;;;8.501064;47.373740;0;EPSG:4326;2680240;1247532;0;EPSG:2056;;;;OeV_Sammlung_CH_HRDF_5_40_41_2024_20240110_201500;2024-06-04T20:26:09.903691;237
8591244;;ch:1:sloid:91244;Zürich, Langmauerstrasse;;;;;;8.544788;47.393542;0;EPSG:4326;2683511;1249779;0;EPSG:2056;;;;OeV_Sammlung_CH_HRDF_5_40_41_2024_20240110_201500;2024-06-04T20:26:09.903695;238
8594255;;ch:1:sloid:94255;Zürich, Schanzackerstrasse;;;;;;8.547432;47.392023;0;EPSG:4326;2683713;1249613;0;EPSG:2056;;;;OeV_Sammlung_CH_HRDF_5_40_41_2024_20240110_201500;2024-06-04T20:26:09.915495;238
8591245;;ch:1:sloid:91245;Zürich, Laubegg;;;;;;8.517087;47.358732;0;EPSG:4326;2681473;1245880;0;EPSG:2056;;;;OeV_Sammlung_CH_HRDF_5_40_41_2024_20240110_201500;2024-06-04T20:26:09.903699;239
8591246;;ch:1:sloid:91246;Zürich, Laubiweg;;;;;;8.536340;47.394990;0;EPSG:4326;2682871;1249931;0;EPSG:2056;;;;OeV_Sammlung_CH_HRDF_5_40_41_2024_20240110_201500;2024-06-04T20:26:09.903703;240
8591247;;ch:1:sloid:91247;Zürich, Lehenstrasse;;;;;;8.520718;47.396143;0;EPSG:4326;2681690;1250043;0;EPSG:2056;;;;OeV_Sammlung_CH_HRDF_5_40_41_2024_20240110_201500;2024-06-04T20:26:09.903708;241
8591248;;ch:1:sloid:91248;Zürich, Leimgrübelstrasse;;;;;;8.543674;47.428650;0;EPSG:4326;2683372;1253681;0;EPSG:2056;;;;OeV_Sammlung_CH_HRDF_5_40_41_2024_20240110_201500;2024-06-04T20:26:09.903712;242
8591249;;ch:1:sloid:91249;Zürich, Lerchenhalde;;;;;;8.509876;47.411636;0;EPSG:4326;2680848;1251754;0;EPSG:2056;;;;OeV_Sammlung_CH_HRDF_5_40_41_2024_20240110_201500;2024-06-04T20:26:09.903721;243
8591250;;ch:1:sloid:91250;Zürich, Lerchenrain;;;;;;8.509492;47.414293;0;EPSG:4326;2680815;1252049;0;EPSG:2056;;;;OeV_Sammlung_CH_HRDF_5_40_41_2024_20240110_201500;2024-06-04T20:26:09.903731;243
8591251;;ch:1:sloid:91251;Zürich, Lettenstrasse;;;;;;8.532739;47.390571;0;EPSG:4326;2682606;1249436;0;EPSG:2056;;;;OeV_Sammlung_CH_HRDF_5_40_41_2024_20240110_201500;2024-06-04T20:26:09.903736;244
8591292;;ch:1:sloid:91292;Zürich, Nürenbergstrasse;;;;;;8.533436;47.392256;0;EPSG:4326;2682656;1249624;0;EPSG:2056;;;;OeV_Sammlung_CH_HRDF_5_40_41_2024_20240110_201500;2024-06-04T20:26:09.903915;244
8591252;;ch:1:sloid:91252;Zürich, Letzigrund;;;;;;8.503729;47.381236;0;EPSG:4326;2680430;1248368;0;EPSG:2056;;;;OeV_Sammlung_CH_HRDF_5_40_41_2024_20240110_201500;2024-06-04T20:26:09.903740;245
8591253;;ch:1:sloid:91253;Zürich, Letzipark;;;;;8591253,8591254;8.499211;47.387772;0;EPSG:4326;2680079;1249090;0;EPSG:2056;;;;OeV_Sammlung_CH_HRDF_5_40_41_2024_20240110_201500;2024-06-04T20:26:09.903744;246
8591254;;ch:1:sloid:91254;Zürich, Letzipark West;;;;;8591253,8591254;8.496468;47.386366;0;EPSG:4326;2679874;1248931;0;EPSG:2056;;;;OeV_Sammlung_CH_HRDF_5_40_41_2024_20240110_201500;2024-06-04T20:26:09.903749;246
8591256;;ch:1:sloid:91256;Zürich, Leutschenbach;;;;;;8.551309;47.414645;0;EPSG:4326;2683970;1252132;0;EPSG:2056;;;;OeV_Sammlung_CH_HRDF_5_40_41_2024_20240110_201500;2024-06-04T20:26:09.903758;247
8591257;;ch:1:sloid:91257;Zürich, Limmatplatz;;;;;;8.531623;47.384600;0;EPSG:4326;2682531;1248771;0;EPSG:2056;;;;OeV_Sammlung_CH_HRDF_5_40_41_2024_20240110_201500;2024-06-04T20:26:09.903762;248
8591258;;ch:1:sloid:91258;Zürich, Lindenplatz;;;;;;8.486113;47.387819;0;EPSG:4326;2679090;1249082;0;EPSG:2056;;;;OeV_Sammlung_CH_HRDF_5_40_41_2024_20240110_201500;2024-06-04T20:26:09.903766;249
8591259;;ch:1:sloid:91259;Zürich, Lochergut;;;;;;8.517516;47.375412;0;EPSG:4326;2681480;1247735;0;EPSG:2056;;;;OeV_Sammlung_CH_HRDF_5_40_41_2024_20240110_201500;2024-06-04T20:26:09.903771;250
8591260;;ch:1:sloid:91260;Zürich, Loogarten;;;;;;8.472329;47.389427;0;EPSG:4326;2678047;1249247;0;EPSG:2056;;;;OeV_Sammlung_CH_HRDF_5_40_41_2024_20240110_201500;2024-06-04T20:26:09.903777;251
8591261;;ch:1:sloid:91261;Zürich, Loorenstrasse;;;;;;8.594527;47.359863;0;EPSG:4326;2687321;1246089;0;EPSG:2056;;;;OeV_Sammlung_CH_HRDF_5_40_41_2024_20240110_201500;2024-06-04T20:26:09.903781;252
8591262;;ch:1:sloid:91262;Zürich, Löwenplatz;;;;;;8.537417;47.375892;0;EPSG:4326;2682982;1247809;0;EPSG:2056;;;;OeV_Sammlung_CH_HRDF_5_40_41_2024_20240110_201500;2024-06-04T20:26:09.903785;253
8591263;;ch:1:sloid:91263;Zürich, Luchswiesen;;;;;;8.585875;47.406877;0;EPSG:4326;2686591;1251306;0;EPSG:2056;;;;OeV_Sammlung_CH_HRDF_5_40_41_2024_20240110_201500;2024-06-04T20:26:09.903790;254
8591264;;ch:1:sloid:91264;Zürich, Luegisland;;;;;;8.581391;47.406013;0;EPSG:4326;2686254;1251205;0;EPSG:2056;;;;OeV_Sammlung_CH_HRDF_5_40_41_2024_20240110_201500;2024-06-04T20:26:09.903794;255
8591265;;ch:1:sloid:91265;Zürich, Letzibach;;;;;;8.494693;47.389080;0;EPSG:4326;2679736;1249231;0;EPSG:2056;;;;OeV_Sammlung_CH_HRDF_5_40_41_2024_20240110_201500;2024-06-04T20:26:09.903798;256
8591266;;ch:1:sloid:91266;Zürich, Maienweg;;;;;;8.526389;47.407848;0;EPSG:4326;2682100;1251350;0;EPSG:2056;;;;OeV_Sammlung_CH_HRDF_5_40_41_2024_20240110_201500;2024-06-04T20:26:09.903802;257
8591267;;ch:1:sloid:91267;Zürich, Maillartstrasse;;;;;;8.532099;47.416204;0;EPSG:4326;2682518;1252285;0;EPSG:2056;;;;OeV_Sammlung_CH_HRDF_5_40_41_2024_20240110_201500;2024-06-04T20:26:09.903806;258
8591269;;ch:1:sloid:91269;Zürich, Manesseplatz;;;;;8503091,8591269,8591366;8.521632;47.365445;0;EPSG:4326;2681806;1246631;0;EPSG:2056;;;;OeV_Sammlung_CH_HRDF_5_40_41_2024_20240110_201500;2024-06-04T20:26:09.903816;259
8591270;;ch:1:sloid:91270;Zürich, Marbachweg;;;;;;8.515375;47.330350;0;EPSG:4326;2681387;1242723;0;EPSG:2056;;;;OeV_Sammlung_CH_HRDF_5_40_41_2024_20240110_201500;2024-06-04T20:26:09.903822;260
8591271;;ch:1:sloid:91271;Zürich, Mattenhof;;;;;;8.590917;47.398641;0;EPSG:4326;2686985;1250396;0;EPSG:2056;;;;OeV_Sammlung_CH_HRDF_5_40_41_2024_20240110_201500;2024-06-04T20:26:09.903826;261
8591272;;ch:1:sloid:91272;Zürich, Max-Bill-Platz;;;;;;8.541331;47.414048;0;EPSG:4326;2683218;1252055;0;EPSG:2056;;;;OeV_Sammlung_CH_HRDF_5_40_41_2024_20240110_201500;2024-06-04T20:26:09.903830;262
8591273;;ch:1:sloid:91273;Zürich, Messe/Hallenstadion;;;;;;8.550091;47.410958;0;EPSG:4326;2683884;1251721;0;EPSG:2056;;;;OeV_Sammlung_CH_HRDF_5_40_41_2024_20240110_201500;2024-06-04T20:26:09.903834;263
8591274;;ch:1:sloid:91274;Zürich, Micafil;;;;;;8.474518;47.393032;0;EPSG:4326;2678207;1249650;0;EPSG:2056;;;;OeV_Sammlung_CH_HRDF_5_40_41_2024_20240110_201500;2024-06-04T20:26:09.903838;264
8591275;;ch:1:sloid:91275;Zürich, Michelstrasse;;;;;;8.495605;47.406325;0;EPSG:4326;2679779;1251149;0;EPSG:2056;;;;OeV_Sammlung_CH_HRDF_5_40_41_2024_20240110_201500;2024-06-04T20:26:09.903843;265
8591371;;ch:1:sloid:91371;Zürich, Singlistrasse;;;;;;8.493488;47.405112;0;EPSG:4326;2679621;1251012;0;EPSG:2056;;;;OeV_Sammlung_CH_HRDF_5_40_41_2024_20240110_201500;2024-06-04T20:26:09.904259;265
8591431;;ch:1:sloid:91431;Zürich, Wieslergasse;;;;;;8.495958;47.404064;0;EPSG:4326;2679809;1250898;0;EPSG:2056;;;;OeV_Sammlung_CH_HRDF_5_40_41_2024_20240110_201500;2024-06-04T20:26:09.904533;265
8591276;;ch:1:sloid:91276;Zürich, Milchbuck;;;;;;8.541775;47.397788;0;EPSG:4326;2683277;1250248;0;EPSG:2056;;;;OeV_Sammlung_CH_HRDF_5_40_41_2024_20240110_201500;2024-06-04T20:26:09.903847;266
8591277;;ch:1:sloid:91277;Zürich, Militär-/Langstrasse;;;;;;8.527627;47.379600;0;EPSG:4326;2682237;1248211;0;EPSG:2056;;;;OeV_Sammlung_CH_HRDF_5_40_41_2024_20240110_201500;2024-06-04T20:26:09.903851;267
8591278;;ch:1:sloid:91278;Zürich, Mittelleimbach;;;;;;8.514291;47.323137;0;EPSG:4326;2681316;1241920;0;EPSG:2056;;;;OeV_Sammlung_CH_HRDF_5_40_41_2024_20240110_201500;2024-06-04T20:26:09.903855;268
8591279;;ch:1:sloid:91279;Zürich, Morgental;;;;;;8.530141;47.343947;0;EPSG:4326;2682482;1244250;0;EPSG:2056;;;;OeV_Sammlung_CH_HRDF_5_40_41_2024_20240110_201500;2024-06-04T20:26:09.903859;269
8591280;;ch:1:sloid:91280;Zürich, Mötteliweg;;;;;;8.526461;47.413955;0;EPSG:4326;2682096;1252029;0;EPSG:2056;;;;OeV_Sammlung_CH_HRDF_5_40_41_2024_20240110_201500;2024-06-04T20:26:09.903866;270
8591281;;ch:1:sloid:91281;Zürich, Mühlacker;;;;;;8.496370;47.426187;0;EPSG:4326;2679807;1253358;0;EPSG:2056;;;;OeV_Sammlung_CH_HRDF_5_40_41_2024_20240110_201500;2024-06-04T20:26:09.903870;271
8591282;;ch:1:sloid:91282;Zürich, Museum für Gestaltung;;;;;;8.534936;47.382122;0;EPSG:4326;2682785;1248499;0;EPSG:2056;;;;OeV_Sammlung_CH_HRDF_5_40_41_2024_20240110_201500;2024-06-04T20:26:09.903875;272
8591283;;ch:1:sloid:91283;Zürich, Museum Rietberg;;;;;;8.531557;47.360719;0;EPSG:4326;2682563;1246116;0;EPSG:2056;;;;OeV_Sammlung_CH_HRDF_5_40_41_2024_20240110_201500;2024-06-04T20:26:09.903879;273
8591284;;ch:1:sloid:91284;Zürich, Neeserweg;;;;;;8.474722;47.390592;0;EPSG:4326;2678226;1249379;0;EPSG:2056;;;;OeV_Sammlung_CH_HRDF_5_40_41_2024_20240110_201500;2024-06-04T20:26:09.903884;274
8591285;;ch:1:sloid:91285;Zürich, Neuaffoltern;;;;;;8.525026;47.411845;0;EPSG:4326;2681991;1251793;0;EPSG:2056;;;;OeV_Sammlung_CH_HRDF_5_40_41_2024_20240110_201500;2024-06-04T20:26:09.903888;275
8591286;;ch:1:sloid:91286;Zürich, Neubühl;;;;;;8.534944;47.332927;0;EPSG:4326;2682862;1243030;0;EPSG:2056;;;;OeV_Sammlung_CH_HRDF_5_40_41_2024_20240110_201500;2024-06-04T20:26:09.903892;276
8591287;;ch:1:sloid:91287;Zürich, Neumarkt;;;;;;8.547350;47.372774;0;EPSG:4326;2683737;1247473;0;EPSG:2056;;;;OeV_Sammlung_CH_HRDF_5_40_41_2024_20240110_201500;2024-06-04T20:26:09.903896;277
8591289;;ch:1:sloid:91289;Zürich, Neunbrunnen;;;;;;8.538206;47.416704;0;EPSG:4326;2682978;1252347;0;EPSG:2056;;;;OeV_Sammlung_CH_HRDF_5_40_41_2024_20240110_201500;2024-06-04T20:26:09.903900;278
8591290;;ch:1:sloid:91290;Zürich, Nordheimstrasse;;;;;;8.530527;47.403544;0;EPSG:4326;2682419;1250876;0;EPSG:2056;;;;OeV_Sammlung_CH_HRDF_5_40_41_2024_20240110_201500;2024-06-04T20:26:09.903905;279
8591293;;ch:1:sloid:91293;Zürich, Oberwiesenstrasse;;;;;;8.532816;47.410477;0;EPSG:4326;2682581;1251649;0;EPSG:2056;;;;OeV_Sammlung_CH_HRDF_5_40_41_2024_20240110_201500;2024-06-04T20:26:09.903919;280
8591294;;ch:1:sloid:91294;Zürich, Oerlikerhus;;;;;;8.554206;47.417585;0;EPSG:4326;2684184;1252462;0;EPSG:2056;;;;OeV_Sammlung_CH_HRDF_5_40_41_2024_20240110_201500;2024-06-04T20:26:09.903924;281
8591297;;ch:1:sloid:91297;Zürich, Orionstrasse;;;;;;8.566168;47.416722;0;EPSG:4326;2685088;1252379;0;EPSG:2056;;;;OeV_Sammlung_CH_HRDF_5_40_41_2024_20240110_201500;2024-06-04T20:26:09.903932;282
8591298;;ch:1:sloid:91298;Zürich, Ottikerstrasse;;;;;;8.542416;47.385190;0;EPSG:4326;2683345;1248848;0;EPSG:2056;;;;OeV_Sammlung_CH_HRDF_5_40_41_2024_20240110_201500;2024-06-04T20:26:09.903936;283
8591299;;ch:1:sloid:91299;Zürich, Paradeplatz;;;Paradeplatz;;;8.538917;47.369732;0;EPSG:4326;2683105;1247126;0;EPSG:2056;;;;OeV_Sammlung_CH_HRDF_5_40_41_2024_20240110_201500;2024-06-04T20:26:09.903942;284
8591300;;ch:1:sloid:91300;Zürich, Stodolastrasse;;;;;;8.590558;47.356907;0;EPSG:4326;2687026;1245756;0;EPSG:2056;;;;OeV_Sammlung_CH_HRDF_5_40_41_2024_20240110_201500;2024-06-04T20:26:09.903946;285
8591302;;ch:1:sloid:91302;Zürich, Pflegezentr. Käferberg;;;;;;8.517703;47.399654;0;EPSG:4326;2681457;1250430;0;EPSG:2056;;;;OeV_Sammlung_CH_HRDF_5_40_41_2024_20240110_201500;2024-06-04T20:26:09.903950;286
8591303;;ch:1:sloid:91303;Zürich, Platte;;;;;;8.552640;47.375008;0;EPSG:4326;2684133;1247727;0;EPSG:2056;;;;OeV_Sammlung_CH_HRDF_5_40_41_2024_20240110_201500;2024-06-04T20:26:09.903955;287
8591304;;ch:1:sloid:91304;Zürich, Renggerstrasse;;;;;;8.532958;47.344469;0;EPSG:4326;2682694;1244311;0;EPSG:2056;;;;OeV_Sammlung_CH_HRDF_5_40_41_2024_20240110_201500;2024-06-04T20:26:09.903960;288
8591305;;ch:1:sloid:91305;Zürich, Probstei;;;;;;8.586593;47.400222;0;EPSG:4326;2686656;1250567;0;EPSG:2056;;;;OeV_Sammlung_CH_HRDF_5_40_41_2024_20240110_201500;2024-06-04T20:26:09.903964;289
8591306;;ch:1:sloid:91306;Zürich, Quellenstrasse;;;;;;8.528753;47.386741;0;EPSG:4326;2682311;1249006;0;EPSG:2056;;;;OeV_Sammlung_CH_HRDF_5_40_41_2024_20240110_201500;2024-06-04T20:26:09.903969;290
8591307;;ch:1:sloid:91307;Zürich, Brunnenhof;;;;;;8.535186;47.401981;0;EPSG:4326;2682773;1250707;0;EPSG:2056;;;;OeV_Sammlung_CH_HRDF_5_40_41_2024_20240110_201500;2024-06-04T20:26:09.903973;291
8591309;;ch:1:sloid:91309;Zürich, Rathaus;;;;;;8.542879;47.371738;0;EPSG:4326;2683401;1247353;0;EPSG:2056;;;;OeV_Sammlung_CH_HRDF_5_40_41_2024_20240110_201500;2024-06-04T20:26:09.903981;292
8591310;;ch:1:sloid:91310;Zürich, Rautihalde;;;;;;8.474107;47.386173;0;EPSG:4326;2678186;1248887;0;EPSG:2056;;;;OeV_Sammlung_CH_HRDF_5_40_41_2024_20240110_201500;2024-06-04T20:26:09.903985;293
8591311;;ch:1:sloid:91311;Zürich, Rautistrasse;;;;;;8.484091;47.383349;0;EPSG:4326;2678944;1248583;0;EPSG:2056;;;;OeV_Sammlung_CH_HRDF_5_40_41_2024_20240110_201500;2024-06-04T20:26:09.903989;294
8591312;;ch:1:sloid:91312;Zürich, Rebbergsteig;;;;;;8.514972;47.396900;0;EPSG:4326;2681255;1250121;0;EPSG:2056;;;;OeV_Sammlung_CH_HRDF_5_40_41_2024_20240110_201500;2024-06-04T20:26:09.903994;295
8591314;;ch:1:sloid:91314;Zürich, Regensbergbrücke;;;;;;8.539275;47.408823;0;EPSG:4326;2683071;1251472;0;EPSG:2056;;;;OeV_Sammlung_CH_HRDF_5_40_41_2024_20240110_201500;2024-06-04T20:26:09.903999;296
8591315;;ch:1:sloid:91315;Zürich, Rehalp;;ZREH;;;;8.582979;47.351027;0;EPSG:4326;2686463;1245094;0;EPSG:2056;;;;OeV_Sammlung_CH_HRDF_5_40_41_2024_20240110_201500;2024-06-04T20:26:09.904003;297
8591316;;ch:1:sloid:91316;Zürich, Rennweg;;;;;;8.538457;47.373066;0;EPSG:4326;2683065;1247496;0;EPSG:2056;;;;OeV_Sammlung_CH_HRDF_5_40_41_2024_20240110_201500;2024-06-04T20:26:09.904009;298
8591317;;ch:1:sloid:91317;Zürich, Rentenanstalt;;;;;;8.535041;47.363384;0;EPSG:4326;2682822;1246416;0;EPSG:2056;;;;OeV_Sammlung_CH_HRDF_5_40_41_2024_20240110_201500;2024-06-04T20:26:09.904013;299
8591318;;ch:1:sloid:91318;Zürich, Riedbach;;;;;;8.558183;47.414479;0;EPSG:4326;2684489;1252121;0;EPSG:2056;;;;OeV_Sammlung_CH_HRDF_5_40_41_2024_20240110_201500;2024-06-04T20:26:09.904017;300
8591319;;ch:1:sloid:91319;Zürich, Riedgraben;;;;;;8.558834;47.410802;0;EPSG:4326;2684544;1251713;0;EPSG:2056;;;;OeV_Sammlung_CH_HRDF_5_40_41_2024_20240110_201500;2024-06-04T20:26:09.904021;301
8591320;;ch:1:sloid:91320;Zürich, Riedhofstrasse;;;;;;8.479578;47.409925;0;EPSG:4326;2678564;1251533;0;EPSG:2056;;;;OeV_Sammlung_CH_HRDF_5_40_41_2024_20240110_201500;2024-06-04T20:26:09.904026;302
8591322;;ch:1:sloid:91322;Zürich, Röntgenstrasse;;;;;;8.529264;47.381933;0;EPSG:4326;2682357;1248472;0;EPSG:2056;;;;OeV_Sammlung_CH_HRDF_5_40_41_2024_20240110_201500;2024-06-04T20:26:09.904030;303
8591323;;ch:1:sloid:91323;Zürich, Rosengartenstrasse;;;;;;8.525464;47.394328;0;EPSG:4326;2682051;1249846;0;EPSG:2056;;;;OeV_Sammlung_CH_HRDF_5_40_41_2024_20240110_201500;2024-06-04T20:26:09.904035;304
8591325;;ch:1:sloid:91325;Zürich, Roswiesen;;;;;;8.576980;47.402953;0;EPSG:4326;2685926;1250860;0;EPSG:2056;;;;OeV_Sammlung_CH_HRDF_5_40_41_2024_20240110_201500;2024-06-04T20:26:09.904044;305
8591326;;ch:1:sloid:91326;Zürich, Rotbuchstrasse;;;;;;8.536118;47.391277;0;EPSG:4326;2682860;1249518;0;EPSG:2056;;;;OeV_Sammlung_CH_HRDF_5_40_41_2024_20240110_201500;2024-06-04T20:26:09.904048;306
8591327;;ch:1:sloid:91327;Zürich, Rudolf-Brun-Brücke;;;;;;8.542937;47.373949;0;EPSG:4326;2683402;1247599;0;EPSG:2056;;;;OeV_Sammlung_CH_HRDF_5_40_41_2024_20240110_201500;2024-06-04T20:26:09.904053;307
8591328;;ch:1:sloid:91328;Zürich, Rütihof;;;;;;8.477314;47.413453;0;EPSG:4326;2678388;1251923;0;EPSG:2056;;;;OeV_Sammlung_CH_HRDF_5_40_41_2024_20240110_201500;2024-06-04T20:26:09.904066;308
8591330;;ch:1:sloid:91330;Zürich, Saatlenstrasse;;;;;;8.562863;47.410809;0;EPSG:4326;2684848;1251718;0;EPSG:2056;;;;OeV_Sammlung_CH_HRDF_5_40_41_2024_20240110_201500;2024-06-04T20:26:09.904075;309
8591331;;ch:1:sloid:91331;Zürich, Sackzelg;;;;;;8.495515;47.374385;0;EPSG:4326;2679820;1247598;0;EPSG:2056;;;;OeV_Sammlung_CH_HRDF_5_40_41_2024_20240110_201500;2024-06-04T20:26:09.904079;310
8591332;;ch:1:sloid:91332;Zürich, Salersteig;;;;;;8.548480;47.406082;0;EPSG:4326;2683770;1251177;0;EPSG:2056;;;;OeV_Sammlung_CH_HRDF_5_40_41_2024_20240110_201500;2024-06-04T20:26:09.904084;311
8591333;;ch:1:sloid:91333;Zürich, Salzweg;;;;;;8.471766;47.387705;0;EPSG:4326;2678007;1249055;0;EPSG:2056;;;;OeV_Sammlung_CH_HRDF_5_40_41_2024_20240110_201500;2024-06-04T20:26:09.904088;312
8591334;;ch:1:sloid:91334;Zürich, SBB-Werkstätte;;;;;;8.503372;47.386564;0;EPSG:4326;2680395;1248960;0;EPSG:2056;;;;OeV_Sammlung_CH_HRDF_5_40_41_2024_20240110_201500;2024-06-04T20:26:09.904092;313
8591335;;ch:1:sloid:91335;Zürich, Schaffhauserplatz;;;;;;8.538708;47.391630;0;EPSG:4326;2683055;1249560;0;EPSG:2056;;;;OeV_Sammlung_CH_HRDF_5_40_41_2024_20240110_201500;2024-06-04T20:26:09.904098;314
8591336;;ch:1:sloid:91336;Zürich, Schäppiweg;;;;;;8.550895;47.389741;0;EPSG:4326;2683978;1249363;0;EPSG:2056;;;;OeV_Sammlung_CH_HRDF_5_40_41_2024_20240110_201500;2024-06-04T20:26:09.904102;315
8591338;;ch:1:sloid:91338;Zürich, Schauenberg;;;;;;8.506933;47.416197;0;EPSG:4326;2680619;1252258;0;EPSG:2056;;;;OeV_Sammlung_CH_HRDF_5_40_41_2024_20240110_201500;2024-06-04T20:26:09.904106;316
8591339;;ch:1:sloid:91339;Zürich, Scheuchzerstrasse;;;;;;8.544232;47.387790;0;EPSG:4326;2683478;1249139;0;EPSG:2056;;;;OeV_Sammlung_CH_HRDF_5_40_41_2024_20240110_201500;2024-06-04T20:26:09.904119;317
8591340;;ch:1:sloid:91340;Zürich, Schlyfi;;;;;;8.574145;47.362592;0;EPSG:4326;2685777;1246370;0;EPSG:2056;;;;OeV_Sammlung_CH_HRDF_5_40_41_2024_20240110_201500;2024-06-04T20:26:09.904123;318
8591341;;ch:1:sloid:91341;Zürich, Schmiede Wiedikon;;;;;;8.519264;47.370153;0;EPSG:4326;2681620;1247152;0;EPSG:2056;;;;OeV_Sammlung_CH_HRDF_5_40_41_2024_20240110_201500;2024-06-04T20:26:09.904127;319
8591342;;ch:1:sloid:91342;Zürich, Schönauring;;;;;;8.536346;47.426130;0;EPSG:4326;2682823;1253393;0;EPSG:2056;;;;OeV_Sammlung_CH_HRDF_5_40_41_2024_20240110_201500;2024-06-04T20:26:09.904132;320
8591343;;ch:1:sloid:91343;Zürich, Ueberlandpark;;;;;;8.563873;47.405942;0;EPSG:4326;2684932;1251178;0;EPSG:2056;;;;OeV_Sammlung_CH_HRDF_5_40_41_2024_20240110_201500;2024-06-04T20:26:09.904136;321
8591344;;ch:1:sloid:91344;Zürich, Schulhaus Altweg;;;;;;8.494202;47.372274;0;EPSG:4326;2679724;1247362;0;EPSG:2056;;;;OeV_Sammlung_CH_HRDF_5_40_41_2024_20240110_201500;2024-06-04T20:26:09.904140;322
8591345;;ch:1:sloid:91345;Zürich, Schulhaus Buchlern;;;;;;8.478580;47.384666;0;EPSG:4326;2678526;1248724;0;EPSG:2056;;;;OeV_Sammlung_CH_HRDF_5_40_41_2024_20240110_201500;2024-06-04T20:26:09.904144;323
8591346;;ch:1:sloid:91346;Zürich, Schumacherweg;;;;;;8.514788;47.412094;0;EPSG:4326;2681218;1251810;0;EPSG:2056;;;;OeV_Sammlung_CH_HRDF_5_40_41_2024_20240110_201500;2024-06-04T20:26:09.904150;324
8591347;;ch:1:sloid:91347;Zürich, Schürgistrasse;;;;;;8.579597;47.408837;0;EPSG:4326;2686114;1251517;0;EPSG:2056;;;;OeV_Sammlung_CH_HRDF_5_40_41_2024_20240110_201500;2024-06-04T20:26:09.904155;325
8591348;;ch:1:sloid:91348;Zürich, Schützenhaus Höngg;;;;;;8.497051;47.409730;0;EPSG:4326;2679883;1251529;0;EPSG:2056;;;;OeV_Sammlung_CH_HRDF_5_40_41_2024_20240110_201500;2024-06-04T20:26:09.904159;326
8591349;;ch:1:sloid:91349;Zürich, Schwamendingerplatz;;;;;;8.571899;47.404593;0;EPSG:4326;2685540;1251037;0;EPSG:2056;;;;OeV_Sammlung_CH_HRDF_5_40_41_2024_20240110_201500;2024-06-04T20:26:09.904163;327
8591350;;ch:1:sloid:91350;Zürich, Schwandenholz;;;;;;8.520686;47.423858;0;EPSG:4326;2681645;1253124;0;EPSG:2056;;;;OeV_Sammlung_CH_HRDF_5_40_41_2024_20240110_201500;2024-06-04T20:26:09.904168;328
8591352;;ch:1:sloid:91352;Zürich, Schweizer Rück;;;;;;8.535511;47.359880;0;EPSG:4326;2682863;1246027;0;EPSG:2056;;;;OeV_Sammlung_CH_HRDF_5_40_41_2024_20240110_201500;2024-06-04T20:26:09.904177;329
8591353;;ch:1:sloid:91353;Zürich, Schwert;;;;;;8.504616;47.399730;0;EPSG:4326;2680469;1250425;0;EPSG:2056;;;;OeV_Sammlung_CH_HRDF_5_40_41_2024_20240110_201500;2024-06-04T20:26:09.904181;330
8591354;;ch:1:sloid:91354;Zürich, Seebach;;;;;8503007,8591127,8591354,8591355;8.549777;47.421864;0;EPSG:4326;2683843;1252933;0;EPSG:2056;;;;OeV_Sammlung_CH_HRDF_5_40_41_2024_20240110_201500;2024-06-04T20:26:09.904185;331
8591355;;ch:1:sloid:91355;Zürich, Seebacherplatz;;;;;8503007,8591127,8591354,8591355;8.548370;47.419863;0;EPSG:4326;2683740;1252709;0;EPSG:2056;;;;OeV_Sammlung_CH_HRDF_5_40_41_2024_20240110_201500;2024-06-04T20:26:09.904191;331
8591357;;ch:1:sloid:91357;Zürich, Seerose;;;;;;8.538137;47.338915;0;EPSG:4326;2683094;1243699;0;EPSG:2056;;;;OeV_Sammlung_CH_HRDF_5_40_41_2024_20240110_201500;2024-06-04T20:26:09.904196;332
8591358;;ch:1:sloid:91358;Zürich, Segantinistrasse;;;;;;8.489970;47.407447;0;EPSG:4326;2679352;1251268;0;EPSG:2056;;;;OeV_Sammlung_CH_HRDF_5_40_41_2024_20240110_201500;2024-06-04T20:26:09.904200;333
8591360;;ch:1:sloid:91360;Zürich, Segeten;;;;;;8.594304;47.355752;0;EPSG:4326;2687311;1245632;0;EPSG:2056;;;;OeV_Sammlung_CH_HRDF_5_40_41_2024_20240110_201500;2024-06-04T20:26:09.904204;334
8591361;;ch:1:sloid:91361;Zürich, Seidelhof;;;;;;8.483729;47.391923;0;EPSG:4326;2678904;1249536;0;EPSG:2056;;;;OeV_Sammlung_CH_HRDF_5_40_41_2024_20240110_201500;2024-06-04T20:26:09.904213;335
8591363;;ch:1:sloid:91363;Zürich, Siemens;;;;;8591035,8591363;8.494019;47.378463;0;EPSG:4326;2679701;1248050;0;EPSG:2056;;;;OeV_Sammlung_CH_HRDF_5_40_41_2024_20240110_201500;2024-06-04T20:26:09.904222;336
8591364;;ch:1:sloid:91364;Zürich, Signaustrasse;;;;;;8.557623;47.363230;0;EPSG:4326;2684528;1246423;0;EPSG:2056;;;;OeV_Sammlung_CH_HRDF_5_40_41_2024_20240110_201500;2024-06-04T20:26:09.904227;337
8591367;;ch:1:sloid:91367;Zürich, Sihlpost/HB;;;;;;8.534203;47.376093;0;EPSG:4326;2682739;1247828;0;EPSG:2056;;;;OeV_Sammlung_CH_HRDF_5_40_41_2024_20240110_201500;2024-06-04T20:26:09.904241;338
8591368;;ch:1:sloid:91368;Zürich, Sihlquai/HB;;ZHSI;;;8503000,8503088,8587348,8587349,8591067,8591368,8596126;8.537605;47.379875;0;EPSG:4326;2682990;1248252;0;EPSG:2056;;;;OeV_Sammlung_CH_HRDF_5_40_41_2024_20240110_201500;2024-06-04T20:26:09.904246;339
8591369;;ch:1:sloid:91369;Zürich, Sihlstrasse;;;;;8503090,8591064,8591369,8591381;8.534574;47.372267;0;EPSG:4326;2682773;1247403;0;EPSG:2056;;;;OeV_Sammlung_CH_HRDF_5_40_41_2024_20240110_201500;2024-06-04T20:26:09.904250;340
8591370;;ch:1:sloid:91370;Zürich, Sihlweidstrasse;;;;;;8.514661;47.326417;0;EPSG:4326;2681339;1242285;0;EPSG:2056;;;;OeV_Sammlung_CH_HRDF_5_40_41_2024_20240110_201500;2024-06-04T20:26:09.904255;341
8591372;;ch:1:sloid:91372;Zürich, Solidapark;;;;;;8.488495;47.387725;0;EPSG:4326;2679270;1249074;0;EPSG:2056;;;;OeV_Sammlung_CH_HRDF_5_40_41_2024_20240110_201500;2024-06-04T20:26:09.904264;342
8591373;;ch:1:sloid:91373;Zürich, Sonneggstrasse;;;;;;8.543692;47.382839;0;EPSG:4326;2683445;1248588;0;EPSG:2056;;;;OeV_Sammlung_CH_HRDF_5_40_41_2024_20240110_201500;2024-06-04T20:26:09.904268;343
8591374;;ch:1:sloid:91374;Zürich, Sportweg;;;;;;8.505857;47.391622;0;EPSG:4326;2680575;1249525;0;EPSG:2056;;;;OeV_Sammlung_CH_HRDF_5_40_41_2024_20240110_201500;2024-06-04T20:26:09.904272;344
8591375;;ch:1:sloid:91375;Zürich, Sprecherstrasse;;;;;;8.552258;47.367492;0;EPSG:4326;2684116;1246891;0;EPSG:2056;;;;OeV_Sammlung_CH_HRDF_5_40_41_2024_20240110_201500;2024-06-04T20:26:09.904277;345
8591376;;ch:1:sloid:91376;Zürich, Spyriplatz;;;;;;8.551983;47.382281;0;EPSG:4326;2684072;1248535;0;EPSG:2056;;;;OeV_Sammlung_CH_HRDF_5_40_41_2024_20240110_201500;2024-06-04T20:26:09.904281;346
8591377;;ch:1:sloid:91377;Zürich, Spyristeig;;;;;;8.556199;47.386254;0;EPSG:4326;2684384;1248981;0;EPSG:2056;;;;OeV_Sammlung_CH_HRDF_5_40_41_2024_20240110_201500;2024-06-04T20:26:09.904286;347
8591378;;ch:1:sloid:91378;Zürich, Stadtgrenze;;;;;;8.541471;47.335042;0;EPSG:4326;2683352;1243272;0;EPSG:2056;;;;OeV_Sammlung_CH_HRDF_5_40_41_2024_20240110_201500;2024-06-04T20:26:09.904295;348
8591379;;ch:1:sloid:91379;Zürich, Stampfenbachplatz;;;;;;8.542777;47.380292;0;EPSG:4326;2683380;1248304;0;EPSG:2056;;;;OeV_Sammlung_CH_HRDF_5_40_41_2024_20240110_201500;2024-06-04T20:26:09.904300;349
8591380;;ch:1:sloid:91380;Zürich, Staudenbühl;;;;;;8.535386;47.420086;0;EPSG:4326;2682760;1252720;0;EPSG:2056;;;;OeV_Sammlung_CH_HRDF_5_40_41_2024_20240110_201500;2024-06-04T20:26:09.904304;350
8591381;;ch:1:sloid:91381;Zürich, Stauffacher;;;;;8503090,8591064,8591369,8591381;8.529249;47.373424;0;EPSG:4326;2682369;1247526;0;EPSG:2056;;;;OeV_Sammlung_CH_HRDF_5_40_41_2024_20240110_201500;2024-06-04T20:26:09.904308;351
8591383;;ch:1:sloid:91383;Zürich, Stierenried;;;;;;8.535486;47.416620;0;EPSG:4326;2682773;1252335;0;EPSG:2056;;;;OeV_Sammlung_CH_HRDF_5_40_41_2024_20240110_201500;2024-06-04T20:26:09.904320;352
8591384;;ch:1:sloid:91384;Zürich, Stockerstrasse;;;;;;8.535423;47.367868;0;EPSG:4326;2682844;1246915;0;EPSG:2056;;;;OeV_Sammlung_CH_HRDF_5_40_41_2024_20240110_201500;2024-06-04T20:26:09.904325;353
8591385;;ch:1:sloid:91385;Zürich, Strassenverkehrsamt;;;;;;8.511321;47.353153;0;EPSG:4326;2681046;1245254;0;EPSG:2056;;;;OeV_Sammlung_CH_HRDF_5_40_41_2024_20240110_201500;2024-06-04T20:26:09.904331;354
8591386;;ch:1:sloid:91386;Zürich, Strickhof;;;;;;8.547515;47.393576;0;EPSG:4326;2683717;1249786;0;EPSG:2056;;;;OeV_Sammlung_CH_HRDF_5_40_41_2024_20240110_201500;2024-06-04T20:26:09.904335;355
8591387;;ch:1:sloid:91387;Zürich, Sukkulentensammlung;;;;;;8.534297;47.354927;0;EPSG:4326;2682779;1245475;0;EPSG:2056;;;;OeV_Sammlung_CH_HRDF_5_40_41_2024_20240110_201500;2024-06-04T20:26:09.904340;356
8591389;;ch:1:sloid:91389;Zürich, Susenbergstrasse;;;;;;8.568009;47.378538;0;EPSG:4326;2685288;1248136;0;EPSG:2056;;;;OeV_Sammlung_CH_HRDF_5_40_41_2024_20240110_201500;2024-06-04T20:26:09.904346;357
8591444;;ch:1:sloid:91444;Zürich, Zürichbergstrasse;;;;;;8.564107;47.378729;0;EPSG:4326;2684993;1248153;0;EPSG:2056;;;;OeV_Sammlung_CH_HRDF_5_40_41_2024_20240110_201500;2024-06-04T20:26:09.904600;357
8591390;;ch:1:sloid:91390;Zürich, Talwiesenstrasse;;;;;;8.509647;47.369946;0;EPSG:4326;2680894;1247119;0;EPSG:2056;;;;OeV_Sammlung_CH_HRDF_5_40_41_2024_20240110_201500;2024-06-04T20:26:09.904351;358
8591391;;ch:1:sloid:91391;Zürich, Technopark;;;;;;8.515355;47.389060;0;EPSG:4326;2681296;1249250;0;EPSG:2056;;;;OeV_Sammlung_CH_HRDF_5_40_41_2024_20240110_201500;2024-06-04T20:26:09.904356;359
8591392;;ch:1:sloid:91392;Zürich, Thujastrasse;;;;;;8.527807;47.350185;0;EPSG:4326;2682296;1244941;0;EPSG:2056;;;;OeV_Sammlung_CH_HRDF_5_40_41_2024_20240110_201500;2024-06-04T20:26:09.904360;360
8591393;;ch:1:sloid:91393;Zürich, Tierspital;;;;;;8.551798;47.401903;0;EPSG:4326;2684027;1250716;0;EPSG:2056;;;;OeV_Sammlung_CH_HRDF_5_40_41_2024_20240110_201500;2024-06-04T20:26:09.904364;361
8591394;;ch:1:sloid:91394;Zürich, Titlisstrasse;;;;;8591231,8591394;8.564949;47.370976;0;EPSG:4326;2685069;1247292;0;EPSG:2056;;;;OeV_Sammlung_CH_HRDF_5_40_41_2024_20240110_201500;2024-06-04T20:26:09.904369;362
8591396;;ch:1:sloid:91396;Zürich, Tobelhof;;;;;;8.585997;47.383082;0;EPSG:4326;2686639;1248661;0;EPSG:2056;;;;OeV_Sammlung_CH_HRDF_5_40_41_2024_20240110_201500;2024-06-04T20:26:09.904374;363
8591397;;ch:1:sloid:91397;Zürich, Toblerplatz;;;;;;8.559347;47.379090;0;EPSG:4326;2684633;1248188;0;EPSG:2056;;;;OeV_Sammlung_CH_HRDF_5_40_41_2024_20240110_201500;2024-06-04T20:26:09.904378;364
8591398;;ch:1:sloid:91398;Zürich, Toni-Areal;;;;;;8.510581;47.390041;0;EPSG:4326;2680934;1249354;0;EPSG:2056;;;;OeV_Sammlung_CH_HRDF_5_40_41_2024_20240110_201500;2024-06-04T20:26:09.904382;365
8591399;;ch:1:sloid:91399;Zürich, Trichtenhausenfussweg;;;;;;8.598600;47.354200;0;EPSG:4326;2687638;1245464;0;EPSG:2056;;;;OeV_Sammlung_CH_HRDF_5_40_41_2024_20240110_201500;2024-06-04T20:26:09.904387;366
8591400;;ch:1:sloid:91400;Zürich, Trichtisal;;;;;;8.601070;47.353914;0;EPSG:4326;2687825;1245435;0;EPSG:2056;;;;OeV_Sammlung_CH_HRDF_5_40_41_2024_20240110_201500;2024-06-04T20:26:09.904392;367
8591402;;ch:1:sloid:91402;Zürich, Tüffenwies;;;;;;8.494722;47.397922;0;EPSG:4326;2679725;1250214;0;EPSG:2056;;;;OeV_Sammlung_CH_HRDF_5_40_41_2024_20240110_201500;2024-06-04T20:26:09.904401;368
8591403;;ch:1:sloid:91403;Zürich, Tulpenstrasse;;;;;;8.568540;47.406120;0;EPSG:4326;2685284;1251203;0;EPSG:2056;;;;OeV_Sammlung_CH_HRDF_5_40_41_2024_20240110_201500;2024-06-04T20:26:09.904409;369
8591404;;ch:1:sloid:91404;Zürich, Tunnelstrasse;;;;;;8.532529;47.366142;0;EPSG:4326;2682628;1246720;0;EPSG:2056;;;;OeV_Sammlung_CH_HRDF_5_40_41_2024_20240110_201500;2024-06-04T20:26:09.904414;370
8591405;;ch:1:sloid:91405;Zürich, Uetlihof;;;;;;8.513962;47.356737;0;EPSG:4326;2681240;1245655;0;EPSG:2056;;;;OeV_Sammlung_CH_HRDF_5_40_41_2024_20240110_201500;2024-06-04T20:26:09.904418;371
8591406;;ch:1:sloid:91406;Zürich, Universität Irchel;;;;;;8.544829;47.396159;0;EPSG:4326;2683510;1250070;0;EPSG:2056;;;;OeV_Sammlung_CH_HRDF_5_40_41_2024_20240110_201500;2024-06-04T20:26:09.904423;372
8591407;;ch:1:sloid:91407;Zürich, Unteraffoltern;;;;;;8.511847;47.424588;0;EPSG:4326;2680977;1253196;0;EPSG:2056;;;;OeV_Sammlung_CH_HRDF_5_40_41_2024_20240110_201500;2024-06-04T20:26:09.904429;373
8591408;;ch:1:sloid:91408;Zürich, Untermoosstrasse;;;;;;8.483386;47.379829;0;EPSG:4326;2678896;1248191;0;EPSG:2056;;;;OeV_Sammlung_CH_HRDF_5_40_41_2024_20240110_201500;2024-06-04T20:26:09.904435;374
8591410;;ch:1:sloid:91410;Zürich, Verenastrasse;;;;;;8.525380;47.340826;0;EPSG:4326;2682127;1243898;0;EPSG:2056;;;;OeV_Sammlung_CH_HRDF_5_40_41_2024_20240110_201500;2024-06-04T20:26:09.904441;375
8591411;;ch:1:sloid:91411;Zürich, Vogelsangstrasse;;;;;;8.549070;47.383543;0;EPSG:4326;2683850;1248672;0;EPSG:2056;;;;OeV_Sammlung_CH_HRDF_5_40_41_2024_20240110_201500;2024-06-04T20:26:09.904448;376
8591433;;ch:1:sloid:91433;Zürich, Winkelriedstrasse;;;;;;8.548215;47.383192;0;EPSG:4326;2683786;1248632;0;EPSG:2056;;;;OeV_Sammlung_CH_HRDF_5_40_41_2024_20240110_201500;2024-06-04T20:26:09.904548;376
8591412;;ch:1:sloid:91412;Zürich, Voltastrasse;;;;;;8.554519;47.376870;0;EPSG:4326;2684272;1247936;0;EPSG:2056;;;;OeV_Sammlung_CH_HRDF_5_40_41_2024_20240110_201500;2024-06-04T20:26:09.904453;377
8591413;;ch:1:sloid:91413;Zürich, Vulkanstrasse;;;;;;8.484082;47.394350;0;EPSG:4326;2678927;1249806;0;EPSG:2056;;;;OeV_Sammlung_CH_HRDF_5_40_41_2024_20240110_201500;2024-06-04T20:26:09.904457;378
8591414;;ch:1:sloid:91414;Zürich, Waffenplatz-/Bederstr.;;;;;8591414,8591415;8.526506;47.361666;0;EPSG:4326;2682180;1246216;0;EPSG:2056;;;;OeV_Sammlung_CH_HRDF_5_40_41_2024_20240110_201500;2024-06-04T20:26:09.904462;379
8591415;;ch:1:sloid:91415;Zürich, Waffenplatzstrasse;;;;;8591414,8591415;8.525748;47.361484;0;EPSG:4326;2682123;1246195;0;EPSG:2056;;;;OeV_Sammlung_CH_HRDF_5_40_41_2024_20240110_201500;2024-06-04T20:26:09.904467;379
8591416;;ch:1:sloid:91416;Zürich, Waidbadstrasse;;;;;;8.513543;47.398973;0;EPSG:4326;2681144;1250350;0;EPSG:2056;;;;OeV_Sammlung_CH_HRDF_5_40_41_2024_20240110_201500;2024-06-04T20:26:09.904471;380
8591417;;ch:1:sloid:91417;Zürich, Waidfussweg;;;;;;8.518401;47.395500;0;EPSG:4326;2681516;1249969;0;EPSG:2056;;;;OeV_Sammlung_CH_HRDF_5_40_41_2024_20240110_201500;2024-06-04T20:26:09.904477;381
8591418;;ch:1:sloid:91418;Zürich, Waidhof;;;;;;8.523044;47.423862;0;EPSG:4326;2681823;1253127;0;EPSG:2056;;;;OeV_Sammlung_CH_HRDF_5_40_41_2024_20240110_201500;2024-06-04T20:26:09.904481;382
8591419;;ch:1:sloid:91419;Zürich, Waidspital;;;;;;8.521708;47.399166;0;EPSG:4326;2681760;1250380;0;EPSG:2056;;;;OeV_Sammlung_CH_HRDF_5_40_41_2024_20240110_201500;2024-06-04T20:26:09.904486;383
8591420;;ch:1:sloid:91420;Zürich, Waldgarten;;;;;;8.557201;47.403720;0;EPSG:4326;2684432;1250924;0;EPSG:2056;;;;OeV_Sammlung_CH_HRDF_5_40_41_2024_20240110_201500;2024-06-04T20:26:09.904491;384
8591421;;ch:1:sloid:91421;Zürich, Waldhaus Dolder;;;;;;8.568546;47.373244;0;EPSG:4326;2685337;1247548;0;EPSG:2056;;;;OeV_Sammlung_CH_HRDF_5_40_41_2024_20240110_201500;2024-06-04T20:26:09.904497;385
8591423;;ch:1:sloid:91423;Zürich, Wartau;;;;;;8.491627;47.402773;0;EPSG:4326;2679484;1250750;0;EPSG:2056;;;;OeV_Sammlung_CH_HRDF_5_40_41_2024_20240110_201500;2024-06-04T20:26:09.904501;386
8591424;;ch:1:sloid:91424;Zürich, Waserstrasse;;;;;;8.584061;47.358319;0;EPSG:4326;2686533;1245906;0;EPSG:2056;;;;OeV_Sammlung_CH_HRDF_5_40_41_2024_20240110_201500;2024-06-04T20:26:09.904506;387
8591438;;ch:1:sloid:91438;Zürich, Buchzelgstrasse;;;;;;8.585246;47.359181;0;EPSG:4326;2686621;1246003;0;EPSG:2056;;;;OeV_Sammlung_CH_HRDF_5_40_41_2024_20240110_201500;2024-06-04T20:26:09.904572;387
8591425;;ch:1:sloid:91425;Zürich, Weihersteig;;;;;;8.528515;47.397789;0;EPSG:4326;2682276;1250234;0;EPSG:2056;;;;OeV_Sammlung_CH_HRDF_5_40_41_2024_20240110_201500;2024-06-04T20:26:09.904510;388
8591427;;ch:1:sloid:91427;Zürich, Werd;;;;;;8.526843;47.372322;0;EPSG:4326;2682189;1247401;0;EPSG:2056;;;;OeV_Sammlung_CH_HRDF_5_40_41_2024_20240110_201500;2024-06-04T20:26:09.904514;389
8591428;;ch:1:sloid:91428;Zürich, Werdhölzli;;;;;;8.482017;47.397832;0;EPSG:4326;2678766;1250191;0;EPSG:2056;;;;OeV_Sammlung_CH_HRDF_5_40_41_2024_20240110_201500;2024-06-04T20:26:09.904519;390
8591430;;ch:1:sloid:91430;Zürich, Widmerstrasse;;;;;;8.532893;47.336779;0;EPSG:4326;2682701;1243456;0;EPSG:2056;;;;OeV_Sammlung_CH_HRDF_5_40_41_2024_20240110_201500;2024-06-04T20:26:09.904529;391
8591432;;ch:1:sloid:91432;Zürich, Wiesliacher;;;;;;8.596809;47.355216;0;EPSG:4326;2687501;1245575;0;EPSG:2056;;;;OeV_Sammlung_CH_HRDF_5_40_41_2024_20240110_201500;2024-06-04T20:26:09.904542;392
8591434;;ch:1:sloid:91434;Zürich, Winzerhalde;;;;;;8.494567;47.400056;0;EPSG:4326;2679710;1250451;0;EPSG:2056;;;;OeV_Sammlung_CH_HRDF_5_40_41_2024_20240110_201500;2024-06-04T20:26:09.904553;393
8591435;;ch:1:sloid:91435;Zürich, Winzerstrasse;;;;;8591435,8591436;8.486373;47.403765;0;EPSG:4326;2679086;1250855;0;EPSG:2056;;;;OeV_Sammlung_CH_HRDF_5_40_41_2024_20240110_201500;2024-06-04T20:26:09.904557;394
8591436;;ch:1:sloid:91436;Zürich, Winzerstrasse Süd;;;;;8591435,8591436;8.486127;47.403371;0;EPSG:4326;2679068;1250811;0;EPSG:2056;;;;OeV_Sammlung_CH_HRDF_5_40_41_2024_20240110_201500;2024-06-04T20:26:09.904562;394
8591437;;ch:1:sloid:91437;Zürich, Wipkingerplatz;;;;;;8.523574;47.392592;0;EPSG:4326;2681911;1249651;0;EPSG:2056;;;;OeV_Sammlung_CH_HRDF_5_40_41_2024_20240110_201500;2024-06-04T20:26:09.904567;395
8591439;;ch:1:sloid:91439;Zürich, Wollishoferplatz;;;;;;8.530161;47.338442;0;EPSG:4326;2682492;1243638;0;EPSG:2056;;;;OeV_Sammlung_CH_HRDF_5_40_41_2024_20240110_201500;2024-06-04T20:26:09.904576;396
8591440;;ch:1:sloid:91440;Zürich, Wonnebergstrasse;;;;;;8.566544;47.351846;0;EPSG:4326;2685220;1245167;0;EPSG:2056;;;;OeV_Sammlung_CH_HRDF_5_40_41_2024_20240110_201500;2024-06-04T20:26:09.904581;397
8591441;;ch:1:sloid:91441;Zürich, Zielweg;;;;;;8.497589;47.358822;0;EPSG:4326;2680000;1245870;0;EPSG:2056;;;;OeV_Sammlung_CH_HRDF_5_40_41_2024_20240110_201500;2024-06-04T20:26:09.904586;398
8591442;;ch:1:sloid:91442;Zürich, Zoo;;;;;8591442,8591443;8.571557;47.381571;0;EPSG:4326;2685551;1248477;0;EPSG:2056;;;;OeV_Sammlung_CH_HRDF_5_40_41_2024_20240110_201500;2024-06-04T20:26:09.904591;399
8591443;;ch:1:sloid:91443;Zürich, Zoo/Forrenweid;;;;;8591442,8591443;8.578089;47.380499;0;EPSG:4326;2686046;1248365;0;EPSG:2056;;;;OeV_Sammlung_CH_HRDF_5_40_41_2024_20240110_201500;2024-06-04T20:26:09.904596;400
8591445;;ch:1:sloid:91445;Zürich, Zweiackerstrasse;;;;;;8.597881;47.357049;0;EPSG:4326;2687579;1245780;0;EPSG:2056;;;;OeV_Sammlung_CH_HRDF_5_40_41_2024_20240110_201500;2024-06-04T20:26:09.904605;401
8591447;;ch:1:sloid:91447;Zürich, Zwinglihaus;;;;;;8.515955;47.371506;0;EPSG:4326;2681368;1247299;0;EPSG:2056;;;;OeV_Sammlung_CH_HRDF_5_40_41_2024_20240110_201500;2024-06-04T20:26:09.904614;402
8591448;;ch:1:sloid:91448;Zürich, Zypressenstrasse;;;;;;8.513769;47.376690;0;EPSG:4326;2681195;1247873;0;EPSG:2056;;;;OeV_Sammlung_CH_HRDF_5_40_41_2024_20240110_201500;2024-06-04T20:26:09.904618;403
8591896;;ch:1:sloid:91896;Zürich, Würzgraben;;;;;;8.494859;47.392092;0;EPSG:4326;2679744;1249566;0;EPSG:2056;;;;OeV_Sammlung_CH_HRDF_5_40_41_2024_20240110_201500;2024-06-04T20:26:09.906624;404
8594239;;ch:1:sloid:94239;Zürich, Schiffbau;;;;;8503020,8591060,8594239;8.519864;47.388028;0;EPSG:4326;2681638;1249140;0;EPSG:2056;;;;OeV_Sammlung_CH_HRDF_5_40_41_2024_20240110_201500;2024-06-04T20:26:09.915441;405
8596008;;ch:1:sloid:96008;Zürich, Hermetschloo;;;;;;8.473891;47.394145;0;EPSG:4326;2678158;1249773;0;EPSG:2056;;;;OeV_Sammlung_CH_HRDF_5_40_41_2024_20240110_201500;2024-06-04T20:26:09.920766;406
8596126;;ch:1:sloid:96126;Zürich, Bus Station;;;;;8503000,8503088,8587348,8587349,8591067,8591368,8596126;8.537298;47.381065;0;EPSG:4326;2682965;1248384;0;EPSG:2056;;;;OeV_Sammlung_CH_HRDF_5_40_41_2024_20240110_201500;2024-06-04T20:26:09.921085;407
